idx,C_C_FSC,C_C_GC,C_C_IG,C_C_sm,C_R_FSC,C_R_GC,C_R_IG,C_R_sm,S_R_FSC,S_R_GC,S_R_IG,S_R_sm,R_R
1.0,2,1,1,2,1,2,1,3,1,4,2,1,3
2.0,4,3,3,2,1,2,3,4,2,4,3,1,3
3.0,5,3,6,4,2,4,4,5,4,5,5,2,4
4.0,5,5,8,7,3,6,7,5,6,6,6,4,6
5.0,6,7,11,8,4,6,8,8,6,8,6,6,7
6.0,8,7,17,9,6,7,12,8,6,10,9,9,8
7.0,10,9,21,12,8,9,14,9,7,11,14,13,11
8.0,12,12,25,14,9,11,15,10,11,12,17,16,11
9.0,13,14,28,17,12,11,17,12,13,12,20,18,12
10.0,13,16,30,19,15,13,20,14,13,12,20,19,15
11.0,14,16,33,23,17,13,21,16,14,14,22,20,17
12.0,17,16,36,25,17,13,23,19,14,16,25,21,17
13.0,18,17,39,30,17,15,23,21,14,16,26,22,17
14.0,20,17,45,30,17,15,23,24,14,16,27,26,19
15.0,22,19,52,35,17,17,25,25,14,17,31,28,19
16.0,23,19,55,38,18,17,26,26,17,18,33,28,19
17.0,25,20,62,42,19,17,26,29,17,18,35,31,19
18.0,26,22,68,50,19,17,30,33,17,19,38,34,20
19.0,28,25,76,57,20,17,31,34,17,20,39,38,21
20.0,31,25,79,64,20,20,32,36,17,21,39,42,21
21.0,35,31,83,70,21,20,32,36,18,22,42,45,21
22.0,40,33,90,75,22,22,34,38,19,23,44,49,21
23.0,45,38,97,84,22,22,40,43,21,23,44,51,21
24.0,53,40,101,92,24,22,44,44,21,24,45,53,21
25.0,60,42,106,97,24,23,46,48,25,24,47,53,21
26.0,70,44,108,106,25,23,48,50,26,26,50,55,21
27.0,77,48,111,116,25,23,49,50,28,26,54,58,22
28.0,81,53,113,126,28,26,52,53,29,26,57,60,23
29.0,86,58,119,133,28,27,53,55,30,26,59,65,24
30.0,91,63,125,142,29,27,54,57,30,27,62,68,25
31.0,96,70,133,155,30,27,55,57,34,27,65,71,25
32.0,104,74,137,168,30,29,58,57,35,27,69,71,25
33.0,112,77,145,173,33,29,63,58,40,30,72,74,25
34.0,116,80,153,180,35,29,64,60,40,32,73,75,26
35.0,127,83,164,190,36,29,68,63,41,34,75,76,28
36.0,136,91,170,203,37,29,70,68,42,35,75,78,30
37.0,143,95,179,217,39,31,72,69,44,37,77,81,31
38.0,155,107,191,228,41,34,77,71,44,38,78,86,31
39.0,162,118,200,240,42,34,79,73,44,39,80,90,33
40.0,171,121,208,251,43,35,81,76,46,41,83,92,34
41.0,179,133,218,260,44,36,85,77,49,42,84,97,34
42.0,187,141,223,266,45,37,87,80,51,43,88,101,35
43.0,194,144,228,275,46,37,91,81,53,43,95,103,35
44.0,204,150,232,282,48,37,92,81,54,44,98,104,36
45.0,214,159,243,295,48,38,94,83,56,45,100,107,39
46.0,215,174,253,303,49,38,96,84,56,50,100,110,41
47.0,225,183,264,315,49,38,97,88,58,52,102,113,42
48.0,239,195,272,324,50,38,100,90,58,53,108,115,44
49.0,251,202,283,334,53,38,102,92,60,59,109,117,47
50.0,259,213,292,344,55,40,103,97,63,61,113,121,47
51.0,270,219,300,360,57,43,105,98,65,64,113,123,47
52.0,276,229,308,369,59,45,106,101,67,64,115,125,50
53.0,285,239,317,385,62,46,110,101,69,66,116,125,51
54.0,297,249,326,398,62,49,111,101,70,68,119,127,52
55.0,308,257,335,407,63,51,114,105,70,72,121,130,54
56.0,319,267,344,415,65,52,120,105,72,73,125,134,56
57.0,331,272,352,428,65,56,124,106,73,73,130,135,59
58.0,338,284,361,442,66,56,127,107,76,75,133,136,62
59.0,350,293,366,456,68,59,129,111,77,78,135,138,63
60.0,359,306,373,470,69,59,136,111,77,79,137,140,64
61.0,369,315,381,482,71,61,138,116,78,82,140,141,65
62.0,378,325,390,491,73,62,141,118,79,84,141,145,66
63.0,387,329,399,504,73,64,143,119,80,87,144,147,68
64.0,393,341,401,516,77,67,146,123,82,90,148,152,71
65.0,397,354,409,525,79,71,147,125,84,94,149,153,72
66.0,406,367,416,538,79,71,149,125,85,95,153,155,72
67.0,417,378,422,553,82,73,152,126,88,95,159,159,74
68.0,432,385,430,564,84,73,154,129,90,99,160,161,74
69.0,442,395,435,576,90,77,157,134,93,101,162,162,76
70.0,453,408,444,585,92,79,158,137,95,102,165,166,79
71.0,466,419,455,600,94,80,159,140,96,107,169,169,80
72.0,476,430,464,608,99,81,162,142,96,109,171,170,81
73.0,486,442,471,621,100,82,166,143,97,113,172,172,81
74.0,496,454,481,632,101,86,168,147,97,115,175,172,82
75.0,504,465,485,646,104,86,175,149,99,118,176,175,87
76.0,513,476,492,656,105,88,177,153,100,120,179,176,88
77.0,527,483,499,661,105,93,183,154,103,120,184,180,89
78.0,536,492,506,673,106,93,188,156,106,120,191,180,89
79.0,543,504,517,685,107,94,188,157,110,122,194,182,90
80.0,554,516,525,697,110,96,191,161,114,124,195,184,90
81.0,565,524,533,710,110,99,194,164,116,127,197,186,91
82.0,573,533,542,723,113,101,198,170,118,132,200,187,93
83.0,581,539,547,733,114,105,200,171,119,137,203,191,94
84.0,585,546,557,741,115,106,203,178,121,138,208,193,94
85.0,595,552,565,749,116,108,206,182,123,140,212,193,97
86.0,604,560,570,753,116,110,210,182,123,142,214,196,101
87.0,612,569,574,761,116,112,210,185,125,146,214,201,104
88.0,616,575,580,767,116,113,212,186,127,150,218,203,104
89.0,624,580,585,779,119,117,215,190,128,151,221,204,105
90.0,635,588,591,790,121,120,221,194,130,154,224,208,106
91.0,642,596,594,799,125,120,222,196,137,156,229,212,108
92.0,649,609,600,808,126,120,227,199,138,159,231,213,109
93.0,657,624,612,811,127,123,227,204,139,160,234,213,111
94.0,668,634,619,817,134,124,231,206,139,165,237,214,116
95.0,683,649,625,826,135,126,233,209,141,170,238,215,118
96.0,688,656,634,834,136,130,233,213,144,170,242,217,121
97.0,698,665,642,844,140,132,235,217,147,172,246,221,121
98.0,705,681,651,854,143,139,241,219,151,174,249,221,121
99.0,721,695,657,860,147,142,244,219,151,176,251,221,122
100.0,731,708,664,873,148,144,249,219,155,181,254,222,126
101.0,739,719,672,883,151,146,253,223,158,182,256,224,127
102.0,754,730,680,895,153,152,254,223,159,186,261,226,127
103.0,764,742,688,906,155,155,257,225,162,186,261,226,129
104.0,772,755,698,913,159,157,260,228,166,188,263,228,129
105.0,783,765,705,922,159,159,268,229,169,188,265,231,130
106.0,789,773,707,930,159,162,268,232,172,189,270,235,130
107.0,803,788,711,935,164,162,271,235,173,195,272,237,131
108.0,813,795,721,942,166,164,273,239,177,197,275,238,131
109.0,819,801,727,955,170,166,275,240,179,201,280,240,132
110.0,826,815,735,965,174,170,284,244,180,201,284,243,133
111.0,837,826,742,976,177,176,289,248,180,203,286,245,133
112.0,847,841,751,982,180,177,293,250,182,207,291,250,136
113.0,852,854,755,995,182,181,296,254,184,213,294,250,136
114.0,858,866,764,1007,184,184,299,259,188,213,297,254,136
115.0,863,871,771,1017,188,188,303,260,188,215,299,255,136
116.0,870,887,776,1026,191,189,306,263,189,216,300,256,137
117.0,881,900,779,1036,194,193,307,265,193,219,300,256,137
118.0,887,903,783,1047,200,195,310,267,195,227,302,259,137
119.0,894,913,796,1055,201,201,314,270,201,230,308,261,137
120.0,906,919,809,1062,202,204,316,274,203,231,310,264,139
121.0,918,925,813,1070,211,205,319,279,206,235,313,267,141
122.0,924,933,820,1076,216,208,325,283,212,235,314,270,144
123.0,935,942,824,1080,217,211,327,285,217,236,317,273,146
124.0,941,952,827,1086,219,212,328,287,219,240,319,277,149
125.0,951,965,831,1089,220,213,331,289,222,242,321,279,150
126.0,958,979,839,1095,222,215,335,291,226,244,323,281,153
127.0,969,989,842,1102,223,218,337,293,229,246,327,284,155
128.0,982,996,852,1110,223,222,340,297,229,251,331,285,156
129.0,990,1001,855,1118,225,225,341,302,233,256,334,289,157
130.0,1004,1009,860,1124,228,231,344,304,239,257,336,291,160
131.0,1012,1018,867,1131,232,233,346,306,242,258,338,294,161
132.0,1019,1026,872,1137,236,236,352,312,247,261,340,297,161
133.0,1034,1033,879,1140,241,238,353,316,249,263,342,299,162
134.0,1038,1044,882,1153,243,242,356,318,255,264,344,302,164
135.0,1048,1052,888,1163,246,243,358,323,258,267,346,307,166
136.0,1059,1062,895,1170,247,243,359,324,261,272,352,310,168
137.0,1068,1070,901,1179,250,243,362,327,264,277,353,314,169
138.0,1080,1079,906,1184,253,243,363,328,266,280,356,314,169
139.0,1088,1089,912,1195,253,246,365,331,269,284,360,315,170
140.0,1092,1098,915,1201,255,250,370,332,271,285,361,317,170
141.0,1098,1111,925,1209,257,254,375,333,273,289,364,321,171
142.0,1104,1117,932,1219,258,256,377,338,276,291,367,325,172
143.0,1116,1123,938,1225,260,258,378,339,277,291,372,327,175
144.0,1127,1132,942,1231,261,261,384,341,279,292,372,329,176
145.0,1132,1135,945,1239,264,264,385,342,280,294,375,331,177
146.0,1138,1149,953,1244,265,265,386,348,282,296,376,333,178
147.0,1141,1154,958,1251,266,266,387,349,284,296,377,335,181
148.0,1148,1159,960,1258,270,269,388,350,286,297,381,339,183
149.0,1153,1166,967,1267,273,271,393,354,289,303,383,342,184
150.0,1161,1172,971,1270,277,272,394,356,290,306,383,345,189
151.0,1168,1183,973,1273,280,275,397,357,291,309,388,348,191
152.0,1173,1197,976,1282,280,277,398,357,291,312,388,349,192
153.0,1181,1207,981,1287,283,281,401,357,296,315,389,354,195
154.0,1187,1214,989,1288,286,283,406,358,298,318,391,358,197
155.0,1191,1220,992,1292,288,288,411,362,301,324,393,362,199
156.0,1195,1225,994,1297,291,288,414,366,304,325,396,366,205
157.0,1198,1230,999,1300,292,291,415,368,304,326,397,368,211
158.0,1203,1236,1003,1307,296,293,420,373,307,328,399,371,211
159.0,1207,1240,1004,1312,299,297,426,378,312,330,402,375,213
160.0,1213,1247,1011,1319,301,299,428,381,314,331,403,378,216
161.0,1216,1252,1017,1327,302,302,431,384,316,332,406,378,218
162.0,1220,1257,1025,1335,306,304,436,385,317,335,412,380,219
163.0,1231,1265,1026,1340,311,309,439,387,320,338,415,382,224
164.0,1236,1274,1036,1346,314,310,440,389,326,340,417,387,228
165.0,1243,1285,1041,1352,318,312,445,389,329,341,421,389,234
166.0,1248,1292,1044,1355,319,313,448,392,330,341,424,393,238
167.0,1255,1299,1048,1361,322,316,450,392,330,343,427,398,240
168.0,1260,1308,1053,1365,325,318,450,396,330,346,431,402,241
169.0,1265,1311,1056,1369,329,322,452,398,333,348,433,405,243
170.0,1272,1316,1064,1377,332,328,454,401,336,352,436,405,243
171.0,1282,1321,1067,1383,335,335,457,403,339,355,440,409,244
172.0,1288,1326,1072,1389,337,338,459,405,342,359,442,414,245
173.0,1293,1332,1075,1391,339,341,463,406,343,360,445,415,246
174.0,1299,1342,1080,1397,340,345,467,407,348,361,447,420,247
175.0,1306,1349,1083,1404,344,347,469,411,349,361,447,421,248
176.0,1310,1361,1087,1409,347,350,471,414,353,363,449,421,248
177.0,1316,1368,1090,1417,349,352,472,415,359,365,452,425,249
178.0,1324,1375,1095,1421,354,357,472,417,362,365,458,426,253
179.0,1335,1380,1098,1428,358,359,476,419,362,368,463,428,257
180.0,1338,1385,1104,1433,358,361,478,423,365,369,464,432,258
181.0,1341,1390,1107,1437,361,364,481,427,369,372,466,433,262
182.0,1346,1396,1109,1441,364,367,487,429,373,376,468,436,266
183.0,1351,1401,1115,1446,367,370,494,433,373,380,469,442,267
184.0,1353,1403,1122,1449,368,370,498,435,376,387,472,442,269
185.0,1358,1406,1126,1449,369,373,499,438,377,390,477,446,269
186.0,1363,1409,1129,1454,372,381,501,438,379,394,478,449,273
187.0,1368,1412,1131,1460,374,382,502,439,379,398,480,450,276
188.0,1372,1417,1135,1464,378,384,505,440,380,400,482,453,279
189.0,1375,1421,1138,1469,382,388,508,443,382,401,483,455,281
190.0,1380,1426,1139,1473,386,393,509,443,382,404,487,457,283
191.0,1386,1431,1143,1475,387,396,511,449,385,408,489,459,283
192.0,1392,1435,1148,1479,389,399,512,451,394,409,494,461,284
193.0,1397,1440,1152,1482,390,405,514,453,396,413,497,464,287
194.0,1400,1442,1155,1486,395,412,517,455,398,415,500,465,287
195.0,1402,1446,1156,1494,398,414,519,456,402,417,502,465,288
196.0,1409,1449,1160,1498,402,414,521,461,404,420,504,467,289
197.0,1414,1453,1163,1503,403,417,524,462,407,423,505,471,290
198.0,1417,1455,1169,1510,405,420,529,464,408,425,511,474,293
199.0,1421,1459,1175,1513,405,421,532,469,413,428,515,478,298
200.0,1427,1464,1177,1516,407,425,537,472,415,432,517,482,299
201.0,1430,1469,1180,1521,410,430,540,476,418,433,517,483,300
202.0,1435,1472,1183,1523,413,437,540,478,424,434,519,484,301
203.0,1441,1477,1193,1527,413,440,542,484,425,437,521,488,303
204.0,1444,1483,1201,1532,413,443,547,488,427,441,525,492,304
205.0,1451,1490,1202,1535,416,446,550,495,427,446,530,492,306
206.0,1455,1493,1205,1540,419,446,553,497,430,448,535,493,307
207.0,1458,1503,1210,1543,421,449,555,498,433,453,538,495,308
208.0,1464,1505,1215,1545,426,455,559,503,434,455,545,497,310
209.0,1465,1508,1220,1547,429,457,564,504,436,455,548,499,315
210.0,1468,1511,1223,1551,430,459,567,508,440,459,549,499,317
211.0,1471,1512,1226,1554,431,462,567,509,441,462,553,500,319
212.0,1474,1515,1231,1558,432,462,570,512,446,463,555,502,319
213.0,1478,1520,1234,1561,437,463,573,517,452,464,557,503,320
214.0,1479,1524,1238,1563,439,467,577,520,456,469,559,506,320
215.0,1480,1528,1240,1566,441,471,581,523,456,470,562,508,325
216.0,1485,1529,1244,1571,444,473,583,527,460,476,563,512,328
217.0,1491,1532,1246,1577,448,474,585,530,464,478,568,513,332
218.0,1494,1534,1248,1579,449,478,590,535,470,478,571,515,334
219.0,1497,1539,1250,1584,453,481,592,537,473,478,574,520,338
220.0,1497,1546,1252,1588,453,482,595,539,474,480,576,524,339
221.0,1500,1550,1256,1598,456,485,601,539,476,483,578,527,343
222.0,1505,1552,1261,1601,460,489,604,541,478,485,579,535,345
223.0,1510,1554,1267,1603,464,493,606,541,480,488,582,535,349
224.0,1512,1561,1272,1604,466,494,606,543,484,492,584,537,353
225.0,1515,1561,1273,1607,469,495,609,545,486,498,588,541,355
226.0,1517,1562,1275,1613,471,500,611,552,489,501,590,541,357
227.0,1520,1569,1278,1617,475,503,614,557,492,503,594,543,357
228.0,1524,1571,1281,1620,476,506,616,558,497,504,594,544,360
229.0,1526,1576,1283,1621,477,508,622,560,500,505,596,546,361
230.0,1528,1578,1285,1625,482,514,622,562,501,508,596,547,362
231.0,1530,1581,1285,1629,483,515,623,567,504,510,598,551,364
232.0,1530,1583,1291,1630,486,519,626,572,507,510,601,551,368
233.0,1531,1584,1295,1632,487,520,629,575,510,512,603,551,370
234.0,1534,1593,1302,1633,489,524,636,578,511,514,603,554,371
235.0,1537,1601,1303,1636,491,527,639,579,512,514,607,558,375
236.0,1540,1605,1306,1637,493,527,642,582,514,516,608,559,377
237.0,1543,1609,1309,1638,494,529,643,583,514,518,611,562,380
238.0,1546,1614,1313,1642,499,534,647,586,516,520,613,562,381
239.0,1548,1616,1317,1644,501,536,647,591,520,523,614,565,382
240.0,1550,1617,1319,1647,505,538,648,594,524,525,615,567,384
241.0,1554,1625,1320,1649,507,542,653,595,526,527,618,568,387
242.0,1556,1627,1321,1651,511,544,653,597,528,527,620,570,393
243.0,1561,1630,1325,1656,516,545,658,599,531,528,621,575,396
244.0,1561,1634,1329,1658,520,549,663,603,531,531,622,580,398
245.0,1564,1636,1331,1658,523,550,668,603,533,537,623,582,400
246.0,1568,1642,1331,1661,525,552,673,606,534,537,626,586,402
247.0,1571,1643,1334,1666,525,558,674,609,535,539,627,587,402
248.0,1573,1645,1340,1669,529,560,678,612,538,541,630,588,404
249.0,1575,1648,1340,1671,533,564,681,614,539,545,633,589,408
250.0,1577,1649,1340,1671,533,565,684,616,542,549,635,589,409
251.0,1579,1649,1344,1672,536,568,685,620,544,553,638,592,411
252.0,1584,1652,1347,1674,539,571,689,625,546,555,641,594,415
253.0,1585,1656,1348,1675,542,573,692,629,551,562,643,596,416
254.0,1587,1660,1348,1679,545,575,698,630,553,567,645,599,417
255.0,1591,1660,1351,1682,547,577,700,632,556,570,647,602,418
256.0,1592,1662,1352,1684,548,579,702,634,558,573,647,609,419
257.0,1596,1665,1356,1685,551,582,705,636,560,578,648,614,421
258.0,1599,1669,1359,1688,553,584,705,636,564,582,650,616,423
259.0,1604,1671,1362,1689,556,587,708,640,564,584,655,620,429
260.0,1606,1674,1365,1692,557,591,711,644,568,585,657,621,430
261.0,1608,1675,1367,1693,560,593,712,648,572,588,659,623,430
262.0,1610,1679,1371,1695,563,598,714,648,574,590,661,625,431
263.0,1611,1679,1374,1696,565,601,718,652,574,595,661,626,433
264.0,1613,1680,1376,1697,566,606,723,655,578,599,661,631,435
265.0,1616,1682,1379,1698,570,608,726,661,578,601,665,639,440
266.0,1619,1683,1382,1699,570,612,729,667,579,601,668,642,443
267.0,1623,1684,1384,1700,571,616,732,669,584,603,669,647,446
268.0,1625,1686,1387,1700,572,620,735,671,586,604,672,648,447
269.0,1626,1687,1388,1702,573,622,738,671,589,607,677,649,451
270.0,1632,1687,1388,1705,575,626,742,675,590,611,677,651,451
271.0,1634,1688,1390,1708,577,627,743,676,592,615,678,652,452
272.0,1634,1691,1392,1709,578,629,745,680,595,616,680,653,453
273.0,1637,1693,1394,1710,579,630,748,681,596,620,683,654,453
274.0,1638,1696,1399,1715,581,631,751,685,598,621,687,655,454
275.0,1639,1697,1402,1716,584,631,751,686,601,626,694,658,456
276.0,1641,1699,1405,1717,587,632,754,688,603,629,696,660,460
277.0,1645,1700,1407,1718,591,634,757,689,608,631,698,663,463
278.0,1647,1703,1408,1719,592,638,759,691,608,632,700,667,463
279.0,1647,1706,1409,1720,593,641,761,692,609,635,704,670,463
280.0,1650,1707,1411,1720,596,642,763,696,610,637,705,672,464
281.0,1652,1709,1414,1723,600,645,764,698,611,639,706,674,466
282.0,1653,1713,1416,1727,601,645,764,702,616,642,710,674,468
283.0,1654,1713,1418,1728,603,650,767,704,620,645,711,675,472
284.0,1656,1715,1420,1730,605,651,768,708,621,647,711,676,476
285.0,1657,1718,1424,1730,606,653,771,708,626,648,713,678,478
286.0,1658,1722,1426,1732,608,656,775,710,627,648,715,678,481
287.0,1662,1722,1427,1733,609,657,777,712,630,650,716,679,483
288.0,1663,1724,1432,1733,610,659,778,717,634,651,717,683,484
289.0,1664,1729,1436,1734,613,663,780,723,635,656,718,684,486
290.0,1665,1730,1440,1735,614,668,782,725,639,656,720,686,488
291.0,1666,1732,1443,1737,616,670,784,728,643,657,722,688,489
292.0,1667,1735,1445,1740,618,673,785,731,643,658,724,694,490
293.0,1670,1738,1445,1742,625,674,786,735,645,661,724,694,491
294.0,1672,1739,1446,1743,629,677,790,741,646,662,728,694,495
295.0,1674,1739,1447,1743,632,679,794,742,647,664,731,697,497
296.0,1674,1741,1449,1744,635,682,796,747,648,666,734,699,502
297.0,1676,1742,1450,1745,636,684,800,750,655,670,736,700,507
298.0,1678,1744,1452,1746,636,686,804,750,656,674,738,702,508
299.0,1678,1745,1453,1747,638,688,813,751,659,676,739,704,509
300.0,1680,1747,1459,1747,639,694,815,753,662,680,740,706,511
301.0,1685,1749,1464,1748,642,696,816,755,665,684,744,707,514
302.0,1689,1751,1466,1750,643,697,819,759,669,687,750,709,514
303.0,1690,1753,1467,1751,645,699,822,762,669,690,755,714,519
304.0,1693,1753,1467,1753,646,700,824,763,673,692,756,715,522
305.0,1694,1753,1469,1755,647,702,828,768,675,693,760,715,522
306.0,1697,1756,1473,1759,648,705,831,770,677,694,760,715,523
307.0,1701,1757,1477,1763,650,709,836,770,678,699,761,716,526
308.0,1703,1758,1478,1766,652,709,839,771,679,702,762,717,526
309.0,1707,1761,1479,1767,655,710,843,771,681,703,762,719,531
310.0,1707,1762,1482,1769,656,713,844,772,686,706,764,719,531
311.0,1707,1763,1482,1769,657,717,845,774,686,707,765,719,532
312.0,1708,1763,1486,1770,657,719,848,776,687,707,769,722,532
313.0,1710,1765,1486,1771,660,719,848,777,690,709,771,723,534
314.0,1710,1765,1488,1773,663,719,852,778,693,711,775,726,537
315.0,1713,1767,1489,1773,664,720,852,778,694,713,778,729,537
316.0,1714,1768,1489,1774,664,724,854,782,695,716,779,730,539
317.0,1714,1770,1489,1776,666,726,855,782,697,717,782,731,539
318.0,1717,1772,1490,1778,667,729,856,785,700,718,782,732,540
319.0,1719,1773,1490,1779,668,731,857,789,702,721,784,735,542
320.0,1720,1775,1493,1781,671,733,862,791,704,723,788,737,545
321.0,1720,1776,1494,1782,673,735,865,796,704,725,793,737,546
322.0,1721,1778,1495,1783,675,736,865,797,705,726,796,738,548
323.0,1724,1780,1497,1786,677,739,868,799,707,727,801,739,549
324.0,1725,1780,1500,1787,681,740,870,799,707,729,802,740,554
325.0,1726,1780,1502,1788,684,743,873,802,707,737,805,747,556
326.0,1727,1781,1506,1789,686,744,873,803,708,740,810,749,559
327.0,1727,1783,1506,1789,688,747,874,804,711,743,811,749,565
328.0,1727,1785,1508,1791,692,747,876,808,716,746,813,750,565
329.0,1734,1785,1511,1793,694,749,876,810,719,746,816,754,569
330.0,1735,1785,1514,1793,694,750,878,815,719,747,816,756,571
331.0,1735,1787,1515,1794,696,752,881,818,720,748,817,757,574
332.0,1740,1788,1516,1795,697,753,882,819,721,751,818,760,577
333.0,1741,1789,1519,1797,698,756,882,821,724,752,819,762,578
334.0,1743,1791,1520,1800,700,759,883,822,725,754,820,766,580
335.0,1744,1792,1521,1801,703,759,885,822,726,756,821,766,580
336.0,1746,1793,1522,1802,705,760,887,822,727,761,823,769,581
337.0,1746,1795,1524,1804,709,763,889,822,727,763,824,772,584
338.0,1747,1797,1526,1805,714,765,892,824,728,765,825,773,588
339.0,1747,1799,1527,1807,716,768,896,828,728,765,828,775,591
340.0,1748,1800,1528,1807,717,774,897,830,730,766,830,776,593
341.0,1749,1802,1530,1809,719,776,898,835,731,768,835,776,595
342.0,1750,1803,1531,1809,724,778,899,837,733,769,836,779,598
343.0,1752,1806,1531,1809,728,780,900,840,737,771,837,779,599
344.0,1755,1806,1533,1810,729,781,902,841,738,774,840,779,600
345.0,1755,1809,1536,1811,730,783,903,843,740,774,843,780,601
346.0,1756,1810,1537,1811,732,784,904,847,742,779,843,786,602
347.0,1760,1811,1537,1812,735,786,907,848,744,782,844,791,602
348.0,1761,1813,1539,1813,739,787,909,850,746,785,844,795,604
349.0,1763,1813,1540,1814,741,788,914,852,749,787,847,799,604
350.0,1763,1814,1541,1815,741,791,916,852,752,788,849,800,605
351.0,1764,1816,1543,1817,746,792,920,853,754,788,849,801,606
352.0,1765,1818,1544,1817,748,793,920,856,757,790,850,804,608
353.0,1767,1818,1544,1818,750,796,921,858,761,791,853,806,610
354.0,1767,1819,1544,1819,751,798,923,858,765,792,855,806,612
355.0,1768,1821,1548,1819,754,803,926,860,766,795,856,808,612
356.0,1769,1822,1550,1821,758,806,929,861,770,798,857,811,614
357.0,1769,1823,1551,1821,759,808,934,863,772,799,858,814,615
358.0,1770,1824,1553,1822,759,808,938,864,775,799,860,816,615
359.0,1771,1825,1554,1825,763,810,942,864,779,803,861,819,620
360.0,1773,1826,1556,1830,764,811,944,866,781,805,863,819,623
361.0,1774,1826,1557,1831,765,812,945,868,786,807,864,820,624
362.0,1777,1826,1557,1832,767,815,947,871,786,809,865,821,626
363.0,1778,1826,1558,1833,770,817,948,873,786,809,866,822,630
364.0,1779,1828,1558,1835,771,821,950,873,786,810,868,825,632
365.0,1779,1829,1558,1837,771,822,951,873,787,811,869,827,635
366.0,1779,1829,1559,1838,773,825,952,875,789,812,874,830,636
367.0,1779,1830,1559,1838,778,829,955,876,789,816,876,835,636
368.0,1779,1831,1561,1838,782,834,958,879,791,817,876,839,639
369.0,1779,1832,1561,1839,782,837,960,884,794,820,877,839,639
370.0,1779,1833,1564,1839,783,840,963,886,796,820,879,839,639
371.0,1779,1833,1565,1840,784,843,966,888,797,820,882,839,640
372.0,1779,1834,1565,1840,785,846,973,892,799,821,883,840,645
373.0,1780,1834,1567,1844,789,846,974,894,800,823,884,843,646
374.0,1781,1834,1568,1844,792,851,974,897,801,825,885,845,646
375.0,1784,1834,1568,1844,792,852,975,898,802,827,886,846,646
376.0,1785,1834,1568,1845,795,853,978,903,806,832,887,846,648
377.0,1786,1837,1569,1845,796,854,980,904,808,833,887,847,649
378.0,1787,1838,1570,1845,796,855,983,909,810,837,887,848,651
379.0,1787,1840,1571,1845,797,858,987,909,812,839,887,849,655
380.0,1789,1840,1571,1846,797,860,987,912,814,840,888,854,655
381.0,1790,1840,1572,1846,801,863,988,913,816,843,889,855,657
382.0,1792,1842,1576,1846,806,864,990,914,816,845,891,858,658
383.0,1792,1843,1576,1848,806,864,990,916,817,849,895,858,659
384.0,1792,1845,1578,1848,809,867,991,917,822,849,896,862,660
385.0,1792,1845,1580,1850,810,869,992,917,824,850,899,862,660
386.0,1793,1845,1580,1850,812,871,995,917,824,853,902,863,663
387.0,1794,1846,1581,1850,816,877,995,919,826,854,904,865,667
388.0,1795,1847,1581,1850,821,878,995,919,826,854,906,866,670
389.0,1796,1847,1582,1850,824,879,1003,920,826,856,909,866,670
390.0,1796,1848,1585,1850,827,881,1005,921,829,858,911,867,671
391.0,1796,1849,1586,1850,829,883,1006,925,833,862,913,868,671
392.0,1798,1849,1586,1850,830,887,1006,927,835,863,916,872,673
393.0,1800,1850,1586,1850,836,889,1008,930,838,864,917,875,674
394.0,1803,1850,1586,1850,838,890,1009,931,839,869,921,878,678
395.0,1804,1851,1586,1850,840,892,1009,931,839,871,922,879,679
396.0,1804,1851,1587,1850,844,894,1010,932,840,873,924,879,684
397.0,1806,1852,1587,1853,844,897,1010,933,840,876,926,881,684
398.0,1807,1854,1589,1854,846,899,1011,935,841,878,928,881,684
399.0,1807,1854,1590,1854,848,902,1012,935,843,879,931,885,687
400.0,1810,1856,1591,1854,849,905,1014,937,846,882,934,888,687
401.0,1811,1857,1593,1855,852,907,1017,941,848,884,935,891,691
402.0,1811,1857,1594,1855,853,909,1018,943,852,886,937,897,692
403.0,1811,1858,1598,1856,854,910,1020,944,855,891,937,898,694
404.0,1813,1860,1598,1858,855,915,1023,946,855,894,938,898,700
405.0,1814,1860,1598,1858,857,916,1025,951,856,894,939,899,700
406.0,1814,1862,1599,1859,859,918,1026,952,859,894,939,899,702
407.0,1815,1864,1600,1860,861,919,1032,955,862,895,941,901,703
408.0,1816,1864,1604,1860,862,921,1032,959,866,899,942,903,705
409.0,1816,1865,1604,1863,863,923,1034,962,869,899,945,904,707
410.0,1816,1865,1604,1864,865,926,1036,963,870,901,946,906,708
411.0,1816,1865,1605,1864,866,927,1037,964,870,904,948,908,711
412.0,1817,1865,1607,1867,868,928,1044,966,874,905,949,908,715
413.0,1819,1865,1608,1867,870,931,1046,968,875,906,950,909,716
414.0,1819,1865,1608,1869,872,932,1046,969,878,908,952,914,718
415.0,1820,1865,1609,1870,874,933,1049,969,879,911,955,915,720
416.0,1820,1866,1612,1870,876,934,1050,969,881,914,956,915,720
417.0,1820,1867,1614,1870,876,937,1054,969,885,915,956,916,721
418.0,1822,1868,1615,1870,878,940,1054,970,886,916,957,919,723
419.0,1825,1868,1616,1870,878,942,1054,973,888,916,960,921,725
420.0,1825,1868,1616,1870,879,944,1055,973,888,920,960,921,730
421.0,1825,1868,1616,1870,880,945,1057,976,891,921,961,925,731
422.0,1826,1869,1619,1871,883,947,1058,978,891,924,965,927,732
423.0,1827,1869,1620,1871,884,949,1058,979,892,925,967,929,732
424.0,1828,1870,1620,1872,890,950,1059,981,893,927,969,932,735
425.0,1828,1870,1623,1872,891,955,1063,983,897,932,970,936,739
426.0,1828,1870,1624,1874,892,957,1066,984,897,933,970,936,740
427.0,1828,1870,1625,1875,894,959,1066,989,898,935,973,938,744
428.0,1830,1870,1626,1876,894,960,1067,989,899,935,975,939,746
429.0,1830,1870,1628,1877,895,960,1069,991,899,938,978,940,749
430.0,1832,1870,1630,1877,896,962,1071,991,901,941,980,941,750
431.0,1833,1871,1630,1877,900,964,1073,994,901,943,983,944,751
432.0,1833,1871,1630,1877,901,964,1074,997,903,944,986,946,752
433.0,1836,1871,1630,1880,904,966,1076,1001,905,944,988,946,756
434.0,1837,1872,1631,1880,905,967,1080,1003,906,944,988,948,759
435.0,1839,1872,1632,1880,907,967,1084,1004,909,944,992,949,759
436.0,1841,1872,1634,1880,910,970,1084,1004,913,948,992,950,762
437.0,1842,1874,1634,1881,914,970,1084,1005,917,948,992,951,764
438.0,1844,1875,1636,1881,916,973,1085,1007,919,952,996,951,764
439.0,1846,1876,1636,1882,917,974,1088,1008,920,956,999,955,766
440.0,1847,1876,1638,1882,917,976,1090,1008,923,957,1001,956,767
441.0,1847,1876,1638,1882,917,979,1091,1009,924,957,1002,957,767
442.0,1847,1878,1639,1883,919,980,1092,1010,925,959,1005,960,768
443.0,1847,1879,1640,1885,920,983,1093,1012,928,960,1005,961,768
444.0,1848,1880,1643,1885,924,985,1093,1014,929,963,1007,963,769
445.0,1849,1880,1643,1885,925,985,1093,1015,931,963,1007,965,770
446.0,1850,1882,1643,1886,925,988,1095,1016,932,965,1011,967,772
447.0,1850,1882,1645,1886,927,990,1095,1018,934,967,1012,969,776
448.0,1850,1882,1645,1887,931,991,1095,1020,934,971,1014,969,778
449.0,1850,1882,1646,1887,932,992,1098,1022,935,975,1015,971,781
450.0,1850,1883,1646,1888,934,992,1103,1024,936,975,1018,973,782
451.0,1850,1883,1646,1889,934,993,1103,1024,939,978,1018,974,784
452.0,1850,1884,1647,1889,937,993,1105,1026,940,980,1021,977,785
453.0,1850,1884,1647,1889,938,994,1105,1026,945,982,1022,980,788
454.0,1851,1885,1647,1889,938,995,1108,1026,946,983,1024,981,789
455.0,1851,1885,1647,1889,940,995,1109,1027,947,986,1026,986,789
456.0,1851,1885,1648,1891,943,998,1109,1031,948,988,1028,987,791
457.0,1851,1885,1648,1891,944,1004,1109,1032,949,989,1029,992,791
458.0,1852,1886,1649,1891,947,1005,1110,1032,952,990,1030,992,792
459.0,1854,1887,1649,1891,947,1005,1113,1032,953,992,1030,992,794
460.0,1855,1887,1649,1891,949,1006,1115,1033,954,993,1032,993,795
461.0,1857,1888,1650,1892,950,1008,1118,1035,955,993,1034,993,795
462.0,1859,1889,1651,1892,951,1009,1120,1037,956,994,1035,996,797
463.0,1859,1889,1652,1892,953,1009,1121,1039,956,996,1035,1001,800
464.0,1860,1889,1652,1892,956,1009,1121,1040,959,1000,1036,1003,803
465.0,1861,1890,1654,1892,960,1012,1122,1041,962,1001,1037,1003,807
466.0,1862,1891,1654,1893,962,1013,1123,1042,964,1002,1037,1003,808
467.0,1862,1892,1654,1893,965,1017,1124,1043,968,1003,1037,1005,810
468.0,1862,1894,1655,1894,966,1018,1125,1045,968,1006,1038,1006,812
469.0,1863,1894,1655,1894,969,1019,1125,1046,972,1007,1039,1008,812
470.0,1865,1896,1655,1894,969,1021,1126,1048,974,1009,1042,1008,812
471.0,1865,1896,1656,1895,970,1025,1128,1049,974,1010,1043,1008,812
472.0,1865,1897,1657,1895,973,1025,1129,1051,976,1014,1044,1008,813
473.0,1865,1898,1658,1896,974,1028,1130,1054,979,1016,1045,1010,814
474.0,1867,1898,1658,1896,977,1028,1131,1054,979,1019,1045,1010,817
475.0,1867,1898,1659,1898,978,1029,1134,1055,979,1020,1047,1014,818
476.0,1867,1899,1662,1899,979,1032,1138,1056,980,1021,1048,1014,822
477.0,1867,1899,1663,1899,980,1033,1141,1059,982,1025,1050,1016,823
478.0,1867,1899,1664,1899,981,1034,1141,1062,983,1025,1051,1017,824
479.0,1867,1899,1664,1899,983,1035,1142,1064,984,1028,1052,1019,824
480.0,1869,1901,1664,1899,984,1035,1144,1067,985,1029,1055,1021,825
481.0,1869,1902,1664,1900,987,1036,1144,1070,987,1031,1055,1022,826
482.0,1871,1902,1664,1900,987,1040,1144,1070,990,1033,1057,1023,827
483.0,1871,1902,1665,1900,987,1041,1145,1070,991,1034,1057,1025,828
484.0,1871,1902,1665,1900,989,1044,1147,1071,998,1034,1061,1026,829
485.0,1871,1903,1665,1900,989,1048,1147,1071,1001,1035,1062,1028,830
486.0,1871,1905,1665,1900,989,1051,1147,1071,1001,1037,1063,1028,832
487.0,1871,1906,1666,1900,989,1051,1152,1072,1002,1037,1065,1029,834
488.0,1871,1906,1667,1900,990,1054,1152,1073,1002,1037,1065,1030,834
489.0,1872,1906,1667,1900,992,1055,1153,1076,1007,1038,1066,1034,834
490.0,1872,1906,1667,1900,992,1056,1155,1078,1011,1042,1067,1037,836
491.0,1873,1907,1669,1901,994,1057,1158,1079,1011,1042,1069,1040,838
492.0,1873,1908,1671,1901,996,1058,1160,1080,1015,1046,1071,1042,839
493.0,1874,1908,1672,1901,999,1059,1161,1080,1015,1046,1071,1043,840
494.0,1874,1908,1672,1901,1001,1060,1164,1084,1017,1051,1073,1044,842
495.0,1876,1908,1673,1901,1001,1060,1164,1084,1018,1053,1073,1046,846
496.0,1876,1908,1675,1901,1004,1062,1165,1084,1020,1055,1073,1047,848
497.0,1876,1909,1675,1902,1005,1064,1166,1084,1021,1057,1073,1049,853
498.0,1877,1909,1677,1902,1006,1064,1170,1085,1022,1059,1074,1051,854
499.0,1878,1909,1677,1902,1008,1066,1171,1088,1022,1059,1074,1051,855
500.0,1878,1911,1677,1902,1009,1068,1173,1089,1023,1062,1075,1053,856
501.0,1878,1912,1677,1902,1013,1069,1175,1089,1030,1063,1076,1055,858
502.0,1878,1912,1679,1903,1015,1070,1177,1092,1032,1064,1077,1056,860
503.0,1878,1913,1680,1903,1015,1070,1178,1093,1035,1066,1079,1058,861
504.0,1878,1913,1680,1903,1016,1071,1181,1095,1036,1071,1082,1060,866
505.0,1880,1914,1682,1903,1018,1076,1181,1096,1037,1071,1083,1060,866
506.0,1880,1916,1683,1903,1020,1079,1181,1098,1037,1073,1084,1062,868
507.0,1881,1917,1683,1903,1020,1079,1181,1100,1040,1074,1086,1064,869
508.0,1882,1917,1683,1904,1022,1081,1181,1101,1040,1075,1089,1065,871
509.0,1882,1917,1684,1904,1024,1083,1184,1102,1040,1076,1089,1068,873
510.0,1883,1917,1684,1904,1025,1084,1186,1105,1041,1077,1089,1069,873
511.0,1883,1918,1684,1904,1026,1084,1190,1106,1043,1078,1092,1071,876
512.0,1883,1919,1684,1904,1026,1087,1192,1106,1044,1079,1096,1072,876
513.0,1883,1920,1684,1904,1028,1088,1196,1107,1045,1079,1096,1073,877
514.0,1883,1920,1685,1904,1030,1089,1196,1107,1045,1081,1097,1074,879
515.0,1883,1920,1685,1904,1031,1089,1197,1107,1045,1083,1100,1074,880
516.0,1883,1921,1685,1904,1034,1090,1197,1109,1045,1087,1100,1078,883
517.0,1883,1921,1685,1905,1037,1092,1198,1110,1045,1087,1102,1079,886
518.0,1884,1922,1686,1905,1037,1094,1199,1115,1048,1089,1105,1079,888
519.0,1884,1922,1686,1905,1038,1095,1199,1116,1049,1089,1109,1081,889
520.0,1885,1922,1686,1905,1039,1096,1199,1117,1049,1091,1111,1082,892
521.0,1885,1923,1687,1905,1039,1101,1199,1121,1050,1095,1112,1084,892
522.0,1885,1923,1689,1905,1039,1104,1199,1122,1052,1098,1113,1086,893
523.0,1885,1923,1689,1907,1042,1105,1200,1124,1053,1099,1113,1087,894
524.0,1885,1923,1689,1907,1046,1106,1201,1126,1054,1100,1115,1089,898
525.0,1885,1923,1690,1907,1049,1107,1203,1127,1056,1100,1119,1091,900
526.0,1885,1923,1690,1908,1050,1109,1206,1128,1060,1103,1119,1091,900
527.0,1886,1923,1691,1908,1050,1111,1206,1131,1062,1107,1120,1092,901
528.0,1887,1923,1691,1909,1051,1111,1209,1131,1062,1108,1121,1095,904
529.0,1887,1923,1691,1909,1054,1115,1211,1132,1064,1109,1121,1096,904
530.0,1887,1924,1692,1909,1054,1115,1211,1134,1066,1112,1123,1096,908
531.0,1887,1925,1692,1909,1056,1117,1212,1137,1068,1115,1125,1099,911
532.0,1890,1925,1693,1911,1056,1119,1212,1138,1070,1117,1127,1100,915
533.0,1890,1925,1693,1912,1056,1119,1212,1139,1072,1117,1129,1101,916
534.0,1891,1925,1695,1912,1056,1120,1213,1139,1072,1118,1132,1101,918
535.0,1892,1925,1695,1912,1057,1120,1213,1139,1073,1120,1132,1101,920
536.0,1892,1925,1699,1912,1058,1122,1215,1142,1074,1122,1134,1101,920
537.0,1892,1925,1700,1912,1064,1123,1217,1144,1076,1124,1136,1101,921
538.0,1893,1925,1701,1913,1066,1124,1217,1146,1078,1125,1137,1101,921
539.0,1893,1925,1701,1913,1069,1124,1219,1146,1079,1126,1139,1103,922
540.0,1893,1926,1701,1914,1071,1125,1219,1146,1080,1131,1140,1104,923
541.0,1894,1926,1701,1915,1071,1125,1219,1147,1080,1133,1140,1106,925
542.0,1895,1926,1702,1915,1073,1126,1220,1149,1081,1134,1143,1113,930
543.0,1896,1926,1702,1916,1077,1127,1224,1149,1083,1136,1146,1117,931
544.0,1896,1926,1703,1916,1079,1127,1224,1149,1085,1139,1146,1118,933
545.0,1898,1926,1703,1917,1081,1127,1224,1152,1087,1140,1148,1119,934
546.0,1898,1926,1703,1918,1083,1128,1225,1153,1089,1142,1149,1120,936
547.0,1898,1927,1703,1918,1083,1131,1229,1154,1093,1145,1151,1120,938
548.0,1898,1927,1704,1919,1087,1133,1229,1156,1094,1145,1152,1120,939
549.0,1898,1927,1704,1919,1087,1134,1230,1158,1096,1145,1153,1120,941
550.0,1898,1927,1704,1919,1090,1135,1232,1159,1097,1147,1153,1121,941
551.0,1899,1927,1705,1920,1095,1138,1236,1162,1099,1147,1154,1127,943
552.0,1899,1927,1705,1920,1095,1138,1237,1164,1099,1150,1154,1129,945
553.0,1899,1927,1705,1921,1096,1139,1238,1165,1101,1151,1154,1133,949
554.0,1899,1927,1705,1921,1096,1141,1239,1167,1102,1153,1155,1135,950
555.0,1899,1928,1705,1921,1096,1141,1239,1168,1106,1153,1157,1136,951
556.0,1900,1928,1705,1921,1096,1142,1242,1168,1109,1156,1161,1137,951
557.0,1901,1928,1706,1921,1097,1142,1242,1170,1109,1158,1161,1139,951
558.0,1902,1928,1706,1921,1098,1142,1245,1171,1109,1158,1162,1141,951
559.0,1903,1928,1707,1921,1099,1143,1246,1174,1111,1159,1164,1142,951
560.0,1903,1928,1707,1921,1099,1143,1246,1174,1111,1160,1164,1145,953
561.0,1903,1928,1708,1921,1102,1144,1248,1174,1115,1161,1165,1147,953
562.0,1903,1929,1708,1921,1103,1146,1249,1177,1116,1161,1167,1149,953
563.0,1903,1929,1708,1922,1104,1148,1250,1178,1118,1164,1167,1152,953
564.0,1903,1930,1709,1923,1104,1149,1253,1179,1119,1165,1168,1153,954
565.0,1903,1930,1709,1923,1104,1150,1255,1180,1122,1168,1171,1156,954
566.0,1904,1930,1710,1923,1105,1155,1256,1181,1124,1169,1172,1156,955
567.0,1904,1930,1711,1923,1107,1157,1256,1182,1125,1169,1175,1157,957
568.0,1904,1930,1711,1923,1109,1157,1259,1183,1126,1173,1175,1157,959
569.0,1906,1930,1711,1923,1113,1157,1259,1185,1128,1174,1175,1159,960
570.0,1906,1930,1711,1923,1113,1158,1260,1185,1130,1174,1176,1161,960
571.0,1907,1930,1713,1923,1116,1160,1263,1186,1133,1175,1176,1161,961
572.0,1907,1930,1713,1923,1117,1162,1264,1186,1134,1175,1176,1163,962
573.0,1907,1930,1713,1923,1117,1162,1264,1187,1135,1175,1177,1163,965
574.0,1907,1930,1713,1923,1119,1162,1267,1189,1136,1176,1177,1163,968
575.0,1907,1931,1713,1923,1119,1163,1270,1191,1141,1177,1177,1163,969
576.0,1907,1931,1713,1923,1119,1165,1272,1192,1142,1177,1177,1164,969
577.0,1908,1931,1714,1923,1121,1165,1274,1194,1145,1181,1177,1165,971
578.0,1910,1931,1714,1923,1122,1166,1277,1195,1147,1183,1177,1165,972
579.0,1912,1931,1715,1924,1122,1168,1278,1197,1147,1184,1177,1167,973
580.0,1912,1932,1716,1926,1124,1169,1279,1197,1148,1185,1177,1171,975
581.0,1912,1932,1716,1926,1125,1169,1279,1197,1150,1185,1178,1172,977
582.0,1912,1932,1716,1926,1127,1171,1279,1199,1153,1186,1178,1174,978
583.0,1913,1932,1716,1926,1129,1174,1279,1200,1154,1187,1178,1177,980
584.0,1914,1933,1717,1926,1131,1177,1281,1200,1155,1188,1178,1178,983
585.0,1914,1933,1717,1926,1133,1178,1282,1201,1158,1191,1180,1180,984
586.0,1915,1933,1718,1926,1134,1179,1282,1201,1160,1191,1180,1181,985
587.0,1915,1933,1718,1927,1135,1181,1284,1204,1161,1191,1184,1183,987
588.0,1917,1933,1718,1927,1136,1184,1284,1205,1163,1191,1184,1183,988
589.0,1918,1933,1718,1927,1139,1185,1284,1205,1166,1191,1185,1185,990
590.0,1918,1933,1721,1927,1139,1185,1288,1206,1167,1192,1185,1187,991
591.0,1918,1933,1721,1927,1141,1185,1290,1206,1168,1193,1186,1188,992
592.0,1918,1933,1722,1927,1142,1185,1291,1209,1168,1194,1188,1189,992
593.0,1918,1933,1723,1927,1143,1186,1291,1209,1168,1194,1188,1190,995
594.0,1918,1933,1723,1927,1143,1189,1292,1210,1168,1195,1189,1190,998
595.0,1918,1933,1724,1927,1145,1190,1295,1211,1170,1196,1192,1193,999
596.0,1919,1934,1725,1927,1147,1190,1298,1212,1170,1199,1195,1193,999
597.0,1919,1934,1725,1927,1149,1191,1299,1214,1171,1199,1195,1193,1001
598.0,1919,1934,1725,1927,1149,1191,1301,1216,1172,1199,1199,1193,1002
599.0,1920,1935,1726,1927,1150,1191,1301,1217,1172,1201,1200,1194,1006
600.0,1920,1935,1726,1927,1152,1192,1303,1220,1172,1202,1201,1195,1009
601.0,1920,1935,1726,1927,1154,1193,1305,1220,1174,1203,1201,1195,1010
602.0,1921,1935,1726,1927,1159,1194,1305,1221,1175,1206,1202,1197,1011
603.0,1921,1936,1727,1927,1160,1195,1305,1221,1177,1207,1204,1198,1013
604.0,1921,1936,1727,1928,1161,1195,1306,1222,1178,1209,1206,1198,1015
605.0,1922,1936,1728,1928,1162,1196,1306,1223,1180,1212,1208,1200,1016
606.0,1922,1936,1728,1928,1162,1196,1307,1223,1180,1215,1208,1200,1017
607.0,1922,1936,1729,1928,1164,1198,1308,1223,1183,1217,1208,1201,1019
608.0,1922,1936,1729,1928,1166,1199,1308,1225,1184,1218,1209,1204,1019
609.0,1922,1936,1730,1928,1168,1200,1311,1225,1184,1219,1210,1205,1021
610.0,1922,1937,1731,1928,1169,1200,1312,1226,1185,1219,1211,1205,1025
611.0,1923,1937,1734,1928,1170,1202,1315,1228,1185,1220,1213,1207,1025
612.0,1923,1937,1734,1929,1173,1202,1316,1228,1186,1221,1214,1207,1026
613.0,1923,1937,1736,1929,1173,1202,1316,1229,1187,1224,1215,1207,1026
614.0,1923,1937,1739,1929,1175,1202,1316,1231,1188,1226,1217,1208,1026
615.0,1923,1937,1739,1929,1175,1205,1317,1231,1188,1227,1218,1209,1027
616.0,1923,1937,1742,1929,1177,1207,1317,1232,1188,1227,1219,1209,1029
617.0,1923,1937,1742,1929,1178,1208,1318,1234,1190,1228,1219,1210,1030
618.0,1924,1937,1742,1929,1179,1208,1319,1235,1193,1230,1219,1211,1032
619.0,1924,1937,1742,1929,1180,1209,1320,1236,1194,1231,1224,1214,1033
620.0,1924,1937,1743,1929,1181,1211,1323,1238,1196,1234,1224,1215,1035
621.0,1924,1937,1743,1929,1183,1212,1325,1239,1196,1235,1224,1215,1038
622.0,1924,1937,1743,1929,1184,1213,1326,1240,1199,1236,1226,1215,1040
623.0,1924,1937,1743,1929,1186,1214,1328,1240,1199,1236,1227,1217,1042
624.0,1925,1937,1745,1929,1187,1216,1328,1243,1199,1236,1228,1218,1044
625.0,1925,1937,1745,1929,1190,1217,1330,1245,1200,1239,1231,1220,1044
626.0,1925,1937,1745,1929,1191,1217,1332,1247,1202,1239,1231,1220,1045
627.0,1925,1938,1745,1929,1191,1218,1334,1247,1203,1240,1231,1221,1045
628.0,1925,1938,1746,1929,1191,1224,1336,1247,1203,1245,1231,1221,1046
629.0,1926,1938,1746,1929,1192,1224,1336,1249,1207,1246,1231,1221,1047
630.0,1927,1938,1747,1929,1193,1226,1336,1250,1208,1248,1232,1222,1049
631.0,1927,1938,1747,1929,1195,1226,1336,1251,1209,1249,1233,1223,1052
632.0,1927,1938,1748,1930,1195,1228,1339,1252,1212,1249,1236,1225,1057
633.0,1927,1939,1748,1930,1197,1229,1340,1252,1212,1251,1238,1226,1057
634.0,1927,1939,1750,1930,1199,1232,1340,1253,1212,1253,1240,1228,1061
635.0,1928,1939,1750,1930,1201,1234,1340,1253,1214,1256,1241,1228,1061
636.0,1928,1940,1751,1930,1203,1236,1341,1254,1215,1256,1241,1228,1064
637.0,1928,1940,1751,1930,1204,1236,1341,1254,1216,1257,1241,1230,1065
638.0,1928,1940,1751,1930,1205,1238,1344,1255,1217,1257,1241,1230,1068
639.0,1928,1940,1752,1931,1207,1240,1346,1255,1218,1258,1242,1231,1070
640.0,1928,1940,1752,1931,1208,1240,1346,1257,1219,1262,1243,1231,1072
641.0,1930,1940,1752,1931,1208,1242,1347,1259,1219,1263,1247,1233,1075
642.0,1930,1940,1752,1931,1208,1246,1348,1261,1223,1263,1247,1235,1077
643.0,1930,1940,1752,1932,1208,1248,1349,1263,1223,1264,1248,1238,1077
644.0,1930,1940,1753,1932,1208,1250,1349,1265,1225,1265,1249,1238,1078
645.0,1930,1940,1753,1932,1209,1251,1349,1265,1227,1265,1250,1239,1078
646.0,1930,1940,1753,1932,1211,1251,1349,1266,1229,1268,1250,1240,1079
647.0,1930,1940,1753,1932,1213,1252,1350,1267,1230,1268,1251,1242,1079
648.0,1930,1940,1754,1932,1216,1252,1350,1267,1233,1270,1252,1243,1080
649.0,1930,1940,1755,1932,1216,1253,1350,1270,1233,1271,1254,1246,1081
650.0,1931,1940,1756,1932,1216,1254,1352,1272,1234,1272,1255,1248,1082
651.0,1931,1940,1756,1933,1216,1254,1352,1272,1234,1272,1255,1251,1084
652.0,1931,1940,1757,1933,1217,1255,1353,1272,1234,1274,1257,1252,1085
653.0,1931,1940,1758,1934,1219,1255,1356,1273,1235,1275,1257,1254,1086
654.0,1931,1940,1758,1934,1220,1257,1357,1275,1236,1275,1257,1256,1087
655.0,1931,1940,1758,1935,1222,1258,1360,1276,1238,1277,1259,1257,1087
656.0,1931,1940,1758,1936,1222,1258,1361,1276,1241,1277,1261,1257,1089
657.0,1931,1940,1758,1936,1223,1259,1361,1277,1243,1278,1261,1258,1089
658.0,1931,1940,1759,1936,1225,1259,1361,1277,1245,1279,1262,1258,1091
659.0,1931,1940,1759,1936,1225,1260,1364,1278,1248,1281,1262,1259,1091
660.0,1931,1940,1759,1936,1226,1261,1366,1280,1249,1285,1263,1259,1092
661.0,1931,1940,1759,1936,1226,1261,1366,1280,1249,1287,1264,1259,1093
662.0,1931,1940,1759,1936,1226,1261,1366,1281,1250,1287,1265,1260,1093
663.0,1931,1940,1759,1936,1226,1263,1368,1282,1250,1288,1265,1262,1093
664.0,1931,1940,1759,1936,1227,1264,1370,1284,1253,1289,1267,1262,1094
665.0,1931,1940,1759,1936,1228,1264,1370,1284,1255,1291,1268,1263,1096
666.0,1932,1940,1759,1936,1228,1265,1373,1285,1255,1292,1269,1264,1099
667.0,1932,1940,1760,1936,1229,1265,1373,1286,1257,1292,1271,1265,1101
668.0,1933,1940,1762,1936,1230,1266,1376,1287,1257,1293,1271,1266,1105
669.0,1933,1940,1763,1936,1231,1268,1377,1287,1257,1296,1271,1269,1106
670.0,1933,1940,1763,1936,1231,1269,1377,1288,1257,1296,1271,1270,1110
671.0,1934,1941,1764,1936,1233,1270,1378,1291,1258,1296,1271,1271,1110
672.0,1934,1941,1764,1936,1233,1270,1378,1291,1259,1296,1273,1271,1111
673.0,1934,1942,1764,1936,1235,1271,1379,1291,1262,1296,1273,1272,1112
674.0,1934,1943,1764,1936,1237,1271,1380,1291,1262,1297,1274,1274,1114
675.0,1934,1943,1764,1936,1239,1271,1380,1291,1263,1298,1276,1275,1114
676.0,1934,1943,1766,1936,1239,1271,1381,1292,1263,1299,1280,1276,1117
677.0,1934,1943,1766,1937,1240,1271,1381,1293,1263,1301,1280,1276,1118
678.0,1934,1943,1766,1937,1241,1272,1383,1295,1264,1305,1282,1276,1119
679.0,1934,1944,1766,1937,1241,1274,1385,1298,1264,1308,1284,1277,1119
680.0,1934,1944,1766,1937,1242,1274,1387,1299,1264,1308,1284,1277,1120
681.0,1934,1944,1766,1937,1243,1276,1387,1300,1265,1309,1284,1277,1120
682.0,1934,1945,1766,1937,1243,1277,1389,1300,1265,1309,1284,1277,1121
683.0,1934,1945,1766,1938,1246,1277,1389,1301,1265,1312,1286,1278,1123
684.0,1934,1945,1767,1939,1247,1279,1389,1301,1266,1313,1288,1278,1124
685.0,1934,1945,1767,1939,1248,1281,1390,1303,1271,1314,1289,1280,1125
686.0,1934,1945,1767,1939,1248,1282,1390,1304,1271,1315,1290,1280,1126
687.0,1934,1946,1767,1939,1250,1282,1392,1305,1271,1316,1291,1280,1126
688.0,1935,1946,1767,1939,1251,1284,1392,1305,1271,1319,1293,1281,1127
689.0,1935,1946,1768,1939,1251,1284,1393,1306,1273,1319,1294,1282,1127
690.0,1935,1946,1768,1940,1251,1288,1394,1306,1274,1321,1296,1283,1128
691.0,1936,1946,1768,1940,1254,1289,1395,1306,1275,1322,1299,1284,1129
692.0,1936,1946,1769,1940,1256,1290,1398,1307,1276,1325,1301,1286,1131
693.0,1937,1946,1769,1940,1256,1292,1398,1307,1279,1326,1303,1287,1131
694.0,1937,1946,1769,1940,1256,1293,1398,1308,1281,1326,1305,1287,1132
695.0,1937,1946,1769,1940,1257,1294,1399,1309,1282,1326,1305,1287,1133
696.0,1937,1946,1769,1940,1258,1295,1401,1310,1283,1327,1307,1290,1135
697.0,1937,1946,1769,1940,1259,1297,1401,1310,1284,1330,1308,1290,1136
698.0,1937,1947,1769,1940,1260,1297,1403,1311,1285,1330,1310,1291,1136
699.0,1937,1947,1769,1940,1261,1297,1404,1313,1286,1331,1311,1292,1136
700.0,1937,1947,1769,1940,1263,1297,1404,1317,1286,1331,1311,1293,1137
701.0,1937,1947,1769,1940,1263,1298,1404,1317,1289,1331,1313,1294,1137
702.0,1937,1947,1769,1940,1263,1298,1406,1318,1290,1332,1315,1294,1139
703.0,1937,1947,1770,1940,1264,1298,1408,1319,1291,1333,1318,1294,1139
704.0,1937,1947,1770,1940,1266,1299,1411,1322,1292,1335,1318,1295,1139
705.0,1937,1947,1770,1940,1268,1300,1411,1323,1292,1336,1321,1297,1139
706.0,1937,1947,1770,1940,1268,1300,1412,1324,1293,1337,1321,1297,1141
707.0,1937,1947,1770,1940,1269,1301,1414,1325,1294,1338,1322,1298,1142
708.0,1937,1948,1770,1940,1270,1301,1416,1328,1294,1339,1324,1300,1143
709.0,1937,1948,1770,1940,1270,1304,1417,1328,1298,1339,1326,1302,1144
710.0,1938,1948,1771,1940,1270,1307,1417,1328,1298,1339,1328,1302,1145
711.0,1938,1949,1771,1940,1271,1307,1418,1329,1298,1339,1328,1302,1148
712.0,1938,1950,1771,1940,1273,1307,1420,1331,1298,1341,1331,1304,1149
713.0,1939,1950,1771,1940,1274,1307,1421,1332,1298,1341,1331,1304,1151
714.0,1939,1950,1771,1940,1274,1307,1422,1333,1299,1341,1331,1304,1151
715.0,1939,1950,1771,1940,1274,1310,1423,1334,1299,1342,1332,1306,1151
716.0,1939,1950,1771,1940,1274,1311,1423,1336,1299,1344,1333,1306,1152
717.0,1940,1950,1771,1940,1275,1312,1425,1337,1301,1347,1334,1306,1157
718.0,1940,1950,1771,1940,1276,1312,1425,1338,1306,1348,1336,1307,1160
719.0,1940,1950,1771,1940,1277,1313,1425,1341,1307,1350,1336,1307,1161
720.0,1940,1950,1771,1940,1277,1315,1428,1341,1308,1352,1337,1307,1161
721.0,1940,1950,1771,1941,1278,1315,1431,1342,1308,1353,1338,1307,1162
722.0,1940,1950,1771,1941,1280,1316,1432,1344,1309,1355,1340,1308,1163
723.0,1940,1950,1772,1942,1280,1316,1432,1344,1309,1359,1340,1309,1163
724.0,1940,1950,1772,1942,1281,1317,1434,1346,1310,1359,1340,1311,1164
725.0,1941,1950,1773,1942,1283,1318,1435,1346,1310,1360,1341,1311,1166
726.0,1941,1950,1773,1943,1284,1318,1437,1347,1312,1363,1341,1311,1167
727.0,1942,1950,1774,1943,1285,1319,1437,1349,1312,1365,1342,1311,1167
728.0,1942,1950,1774,1943,1285,1319,1437,1351,1313,1365,1344,1312,1168
729.0,1942,1950,1775,1943,1286,1320,1438,1353,1314,1366,1345,1313,1169
730.0,1942,1950,1775,1943,1287,1320,1440,1354,1314,1368,1348,1313,1169
731.0,1942,1950,1775,1943,1289,1322,1441,1354,1315,1370,1350,1316,1171
732.0,1942,1950,1775,1943,1289,1322,1442,1355,1315,1371,1351,1316,1171
733.0,1942,1950,1775,1943,1290,1323,1444,1356,1315,1371,1351,1317,1175
734.0,1942,1950,1775,1943,1292,1323,1445,1356,1317,1372,1352,1319,1176
735.0,1942,1950,1775,1943,1292,1323,1446,1357,1317,1372,1352,1319,1180
736.0,1942,1950,1775,1943,1292,1324,1446,1357,1318,1374,1352,1319,1180
737.0,1942,1950,1776,1943,1293,1324,1446,1357,1318,1375,1352,1320,1180
738.0,1942,1950,1777,1943,1295,1325,1446,1359,1318,1376,1353,1321,1181
739.0,1942,1950,1777,1943,1298,1326,1447,1360,1319,1379,1356,1323,1182
740.0,1942,1950,1777,1943,1298,1328,1448,1361,1319,1382,1357,1324,1182
741.0,1942,1950,1778,1943,1298,1330,1449,1361,1320,1382,1358,1324,1182
742.0,1942,1950,1778,1943,1298,1330,1450,1361,1321,1383,1359,1324,1182
743.0,1942,1950,1778,1943,1298,1331,1450,1361,1321,1383,1360,1325,1184
744.0,1942,1951,1778,1943,1299,1333,1451,1362,1322,1383,1363,1328,1184
745.0,1942,1952,1778,1943,1302,1333,1453,1363,1322,1386,1364,1328,1185
746.0,1942,1952,1778,1943,1302,1336,1455,1363,1324,1389,1364,1330,1186
747.0,1942,1952,1778,1943,1302,1337,1456,1363,1325,1390,1365,1330,1186
748.0,1942,1952,1778,1943,1302,1337,1458,1364,1327,1391,1365,1331,1186
749.0,1942,1952,1779,1943,1304,1338,1459,1365,1327,1392,1366,1331,1189
750.0,1942,1952,1779,1943,1306,1338,1461,1365,1328,1394,1367,1331,1191
751.0,1942,1952,1779,1943,1307,1338,1462,1365,1329,1395,1367,1332,1191
752.0,1942,1952,1779,1943,1307,1338,1463,1367,1331,1396,1367,1333,1191
753.0,1943,1953,1780,1943,1307,1339,1465,1368,1332,1396,1367,1334,1192
754.0,1945,1953,1780,1944,1309,1339,1466,1368,1332,1396,1368,1334,1194
755.0,1945,1953,1780,1944,1311,1339,1466,1369,1332,1397,1368,1334,1194
756.0,1945,1953,1780,1944,1311,1340,1466,1372,1332,1397,1368,1334,1196
757.0,1945,1953,1780,1944,1312,1341,1468,1372,1334,1398,1368,1336,1198
758.0,1945,1953,1780,1944,1314,1342,1468,1372,1337,1398,1369,1336,1200
759.0,1945,1953,1780,1944,1315,1343,1468,1372,1337,1398,1369,1338,1201
760.0,1945,1953,1781,1944,1316,1343,1468,1373,1337,1399,1370,1343,1202
761.0,1945,1953,1781,1944,1316,1345,1469,1375,1338,1399,1371,1343,1202
762.0,1945,1953,1782,1944,1318,1347,1469,1376,1338,1400,1371,1345,1202
763.0,1945,1953,1782,1944,1318,1348,1470,1378,1342,1401,1371,1347,1203
764.0,1945,1953,1782,1944,1319,1348,1470,1378,1342,1401,1373,1349,1204
765.0,1945,1954,1782,1944,1320,1348,1470,1381,1342,1403,1373,1350,1204
766.0,1945,1954,1782,1944,1321,1348,1471,1381,1345,1404,1375,1350,1204
767.0,1946,1954,1782,1944,1323,1349,1471,1383,1345,1404,1376,1351,1204
768.0,1946,1954,1782,1944,1325,1351,1471,1384,1345,1406,1376,1352,1205
769.0,1946,1955,1782,1944,1327,1352,1472,1385,1346,1406,1378,1352,1205
770.0,1946,1955,1784,1944,1327,1355,1473,1385,1347,1408,1378,1352,1208
771.0,1947,1955,1784,1944,1328,1357,1474,1385,1347,1410,1378,1354,1208
772.0,1947,1955,1784,1944,1330,1358,1474,1385,1347,1411,1379,1354,1208
773.0,1947,1955,1784,1944,1330,1361,1478,1385,1348,1413,1382,1354,1208
774.0,1948,1955,1784,1944,1330,1361,1478,1385,1348,1413,1382,1354,1209
775.0,1948,1956,1784,1944,1330,1362,1478,1385,1350,1415,1382,1354,1211
776.0,1949,1956,1785,1944,1331,1364,1478,1386,1352,1416,1382,1354,1213
777.0,1949,1956,1785,1944,1332,1366,1478,1386,1352,1416,1382,1355,1214
778.0,1949,1956,1785,1944,1332,1366,1478,1386,1352,1417,1383,1355,1216
779.0,1949,1956,1785,1944,1332,1366,1479,1386,1352,1417,1383,1355,1216
780.0,1949,1956,1785,1945,1332,1367,1480,1386,1352,1417,1383,1356,1217
781.0,1949,1956,1785,1945,1334,1368,1482,1387,1352,1418,1384,1357,1218
782.0,1949,1956,1785,1945,1334,1368,1482,1388,1353,1420,1385,1357,1219
783.0,1949,1956,1785,1945,1335,1369,1482,1389,1353,1420,1386,1357,1219
784.0,1949,1956,1785,1945,1337,1369,1483,1389,1354,1422,1386,1357,1219
785.0,1949,1956,1785,1946,1337,1371,1483,1389,1354,1422,1386,1358,1219
786.0,1949,1956,1785,1946,1338,1374,1483,1390,1355,1423,1386,1359,1221
787.0,1949,1956,1785,1946,1341,1375,1483,1390,1355,1424,1386,1360,1222
788.0,1949,1956,1785,1946,1343,1377,1484,1390,1355,1425,1386,1361,1223
789.0,1949,1956,1785,1946,1344,1378,1484,1392,1355,1426,1387,1362,1225
790.0,1949,1956,1785,1946,1346,1380,1487,1392,1355,1430,1388,1364,1225
791.0,1950,1956,1786,1946,1348,1381,1488,1394,1357,1430,1390,1365,1227
792.0,1950,1956,1787,1946,1352,1381,1489,1396,1357,1431,1390,1365,1227
793.0,1950,1956,1787,1946,1353,1381,1490,1396,1358,1432,1390,1366,1227
794.0,1950,1956,1787,1946,1353,1384,1491,1397,1358,1432,1390,1367,1227
795.0,1950,1957,1787,1946,1354,1385,1492,1398,1359,1433,1391,1368,1227
796.0,1951,1957,1787,1946,1355,1385,1493,1398,1359,1433,1391,1369,1227
797.0,1951,1957,1787,1946,1355,1386,1493,1398,1359,1435,1393,1370,1228
798.0,1951,1957,1788,1946,1355,1387,1494,1400,1360,1435,1396,1371,1229
799.0,1952,1957,1788,1946,1355,1387,1495,1404,1363,1435,1398,1371,1230
800.0,1952,1957,1788,1946,1358,1387,1495,1405,1365,1436,1399,1372,1230
801.0,1952,1957,1788,1947,1358,1387,1495,1405,1365,1436,1400,1374,1232
802.0,1953,1957,1788,1948,1361,1387,1495,1405,1366,1437,1400,1375,1232
803.0,1953,1957,1788,1948,1361,1388,1496,1405,1366,1437,1400,1375,1232
804.0,1954,1958,1788,1948,1362,1389,1497,1407,1366,1439,1401,1375,1232
805.0,1954,1958,1788,1948,1363,1389,1497,1408,1366,1440,1401,1375,1233
806.0,1954,1958,1788,1948,1363,1389,1498,1410,1367,1440,1402,1376,1234
807.0,1954,1958,1789,1948,1364,1390,1499,1413,1367,1442,1404,1378,1234
808.0,1954,1958,1789,1948,1366,1392,1499,1414,1368,1443,1404,1380,1234
809.0,1954,1958,1791,1948,1366,1393,1499,1414,1368,1444,1404,1383,1235
810.0,1954,1958,1792,1948,1368,1393,1499,1415,1368,1444,1405,1384,1235
811.0,1954,1958,1792,1948,1368,1393,1500,1415,1368,1445,1405,1384,1236
812.0,1954,1958,1792,1948,1368,1393,1502,1416,1369,1446,1406,1384,1238
813.0,1954,1958,1792,1948,1370,1395,1503,1416,1369,1449,1408,1384,1238
814.0,1955,1959,1792,1948,1370,1396,1503,1417,1370,1452,1410,1386,1240
815.0,1955,1959,1792,1948,1370,1396,1503,1417,1374,1454,1411,1386,1241
816.0,1955,1959,1793,1948,1370,1397,1503,1417,1374,1454,1411,1386,1243
817.0,1955,1959,1793,1948,1370,1400,1503,1417,1376,1457,1412,1386,1243
818.0,1955,1959,1793,1948,1370,1400,1503,1419,1377,1457,1412,1386,1244
819.0,1955,1959,1793,1948,1371,1400,1503,1419,1377,1457,1412,1386,1245
820.0,1955,1959,1793,1948,1371,1400,1503,1419,1378,1457,1413,1391,1246
821.0,1956,1959,1793,1948,1371,1400,1504,1421,1378,1458,1413,1392,1246
822.0,1956,1959,1793,1948,1371,1402,1506,1421,1378,1459,1414,1394,1246
823.0,1956,1959,1793,1948,1372,1403,1506,1423,1380,1460,1414,1394,1249
824.0,1956,1959,1793,1948,1374,1405,1508,1423,1380,1460,1414,1395,1250
825.0,1956,1959,1793,1948,1376,1405,1508,1424,1381,1460,1414,1395,1250
826.0,1956,1959,1793,1948,1377,1406,1508,1424,1383,1461,1414,1396,1252
827.0,1956,1959,1793,1948,1377,1409,1508,1424,1384,1463,1416,1396,1254
828.0,1956,1959,1793,1948,1378,1412,1508,1424,1387,1464,1417,1396,1255
829.0,1956,1959,1793,1948,1380,1412,1510,1425,1387,1465,1417,1396,1255
830.0,1956,1959,1793,1948,1381,1412,1510,1426,1387,1466,1417,1396,1255
831.0,1956,1959,1793,1948,1382,1416,1510,1426,1389,1467,1417,1397,1256
832.0,1956,1959,1794,1948,1384,1416,1511,1428,1390,1469,1418,1398,1256
833.0,1956,1960,1794,1948,1384,1417,1513,1428,1390,1469,1420,1398,1257
834.0,1956,1960,1794,1948,1384,1418,1513,1428,1391,1469,1421,1400,1258
835.0,1956,1960,1794,1948,1385,1418,1514,1428,1391,1469,1424,1403,1258
836.0,1956,1960,1794,1948,1385,1419,1514,1429,1392,1470,1427,1403,1258
837.0,1956,1960,1794,1948,1386,1419,1515,1430,1392,1471,1427,1404,1258
838.0,1956,1960,1794,1948,1386,1420,1517,1432,1392,1472,1428,1404,1258
839.0,1956,1960,1795,1948,1386,1421,1517,1433,1393,1472,1430,1404,1258
840.0,1956,1961,1795,1948,1386,1422,1517,1434,1394,1472,1430,1405,1260
841.0,1956,1961,1795,1948,1386,1422,1517,1436,1395,1473,1430,1407,1260
842.0,1956,1961,1795,1948,1390,1422,1517,1436,1395,1473,1432,1408,1262
843.0,1956,1961,1795,1948,1390,1424,1517,1436,1396,1474,1432,1409,1265
844.0,1956,1961,1796,1948,1390,1425,1517,1436,1396,1474,1432,1410,1268
845.0,1956,1961,1796,1948,1390,1425,1518,1438,1396,1474,1433,1411,1268
846.0,1956,1961,1796,1948,1390,1425,1519,1438,1397,1474,1433,1411,1269
847.0,1956,1961,1797,1948,1390,1426,1519,1439,1397,1476,1434,1412,1270
848.0,1956,1961,1797,1948,1390,1427,1519,1440,1397,1477,1435,1412,1270
849.0,1956,1961,1797,1948,1390,1429,1521,1440,1397,1478,1435,1412,1271
850.0,1956,1961,1797,1948,1390,1429,1521,1440,1397,1478,1436,1414,1272
851.0,1956,1961,1797,1948,1390,1429,1521,1443,1397,1478,1436,1414,1275
852.0,1956,1961,1797,1949,1390,1429,1521,1443,1397,1478,1436,1415,1276
853.0,1956,1961,1797,1951,1392,1429,1521,1445,1397,1478,1437,1415,1277
854.0,1956,1962,1797,1951,1393,1431,1521,1446,1397,1479,1439,1415,1280
855.0,1956,1963,1797,1952,1393,1432,1521,1447,1398,1480,1439,1415,1282
856.0,1956,1963,1797,1952,1393,1434,1524,1447,1400,1481,1441,1416,1282
857.0,1956,1963,1797,1952,1393,1436,1524,1447,1400,1483,1441,1418,1283
858.0,1956,1963,1798,1952,1396,1438,1526,1448,1400,1483,1443,1418,1283
859.0,1956,1963,1798,1952,1396,1438,1526,1450,1402,1483,1443,1418,1285
860.0,1956,1963,1798,1952,1397,1439,1526,1450,1403,1483,1443,1418,1285
861.0,1957,1963,1798,1952,1398,1440,1526,1452,1403,1483,1444,1420,1286
862.0,1957,1963,1798,1952,1399,1440,1526,1452,1404,1484,1444,1420,1288
863.0,1957,1963,1798,1952,1399,1440,1526,1452,1406,1486,1445,1420,1289
864.0,1957,1963,1798,1952,1399,1440,1528,1452,1406,1486,1446,1420,1289
865.0,1957,1963,1798,1952,1399,1441,1528,1452,1407,1487,1448,1421,1292
866.0,1957,1963,1798,1952,1399,1442,1528,1454,1409,1488,1448,1422,1292
867.0,1957,1963,1799,1952,1400,1443,1530,1454,1409,1489,1450,1422,1293
868.0,1957,1963,1799,1952,1401,1445,1530,1455,1410,1490,1454,1423,1294
869.0,1957,1963,1799,1952,1401,1445,1530,1457,1414,1491,1455,1423,1294
870.0,1957,1963,1799,1952,1402,1445,1531,1457,1416,1492,1456,1424,1294
871.0,1957,1963,1800,1952,1404,1447,1532,1458,1417,1493,1456,1424,1294
872.0,1957,1963,1800,1952,1405,1448,1533,1458,1417,1493,1456,1425,1297
873.0,1957,1963,1801,1952,1406,1448,1533,1458,1418,1493,1456,1427,1299
874.0,1957,1963,1801,1952,1406,1448,1534,1459,1418,1493,1457,1427,1300
875.0,1957,1963,1801,1952,1406,1448,1535,1460,1418,1493,1458,1427,1300
876.0,1957,1963,1801,1952,1407,1449,1536,1460,1419,1493,1458,1427,1304
877.0,1957,1963,1801,1952,1408,1450,1537,1461,1419,1494,1458,1428,1304
878.0,1957,1963,1801,1952,1408,1451,1538,1461,1419,1496,1458,1428,1307
879.0,1957,1963,1801,1952,1408,1451,1538,1462,1420,1496,1459,1428,1307
880.0,1957,1963,1801,1952,1408,1453,1539,1464,1422,1497,1460,1430,1307
881.0,1958,1963,1801,1952,1408,1453,1540,1465,1422,1497,1461,1430,1308
882.0,1958,1963,1801,1952,1409,1454,1540,1465,1422,1498,1461,1431,1308
883.0,1958,1963,1801,1952,1409,1454,1541,1465,1422,1498,1462,1432,1309
884.0,1958,1963,1801,1952,1409,1455,1541,1466,1422,1499,1463,1432,1309
885.0,1958,1963,1801,1952,1409,1456,1543,1470,1422,1499,1464,1432,1310
886.0,1958,1963,1801,1952,1409,1457,1544,1470,1423,1500,1466,1432,1310
887.0,1958,1963,1801,1952,1409,1457,1546,1471,1423,1501,1466,1433,1311
888.0,1958,1963,1802,1952,1409,1457,1546,1473,1423,1503,1466,1434,1312
889.0,1958,1963,1802,1952,1410,1457,1547,1473,1423,1503,1467,1436,1312
890.0,1958,1963,1802,1952,1410,1458,1547,1473,1423,1505,1467,1437,1313
891.0,1958,1963,1802,1952,1410,1458,1547,1473,1425,1506,1468,1439,1313
892.0,1958,1963,1802,1952,1410,1460,1547,1473,1425,1506,1468,1439,1314
893.0,1958,1963,1802,1952,1410,1460,1547,1473,1425,1509,1468,1440,1315
894.0,1958,1963,1802,1952,1411,1460,1548,1476,1426,1510,1469,1441,1316
895.0,1958,1963,1804,1952,1412,1462,1548,1476,1428,1510,1469,1442,1316
896.0,1958,1963,1804,1952,1413,1465,1548,1477,1430,1511,1469,1443,1320
897.0,1958,1963,1804,1952,1413,1465,1551,1477,1431,1511,1470,1443,1322
898.0,1958,1963,1808,1952,1414,1466,1552,1477,1434,1512,1470,1443,1326
899.0,1958,1963,1808,1952,1415,1466,1552,1479,1434,1512,1471,1443,1326
900.0,1958,1963,1808,1952,1417,1466,1553,1480,1434,1514,1472,1446,1327
901.0,1958,1963,1808,1952,1418,1466,1554,1480,1434,1515,1472,1448,1327
902.0,1958,1963,1808,1952,1419,1467,1554,1481,1436,1515,1474,1448,1328
903.0,1958,1963,1809,1952,1419,1467,1555,1482,1436,1516,1474,1449,1329
904.0,1958,1963,1809,1952,1419,1468,1558,1483,1436,1516,1474,1449,1330
905.0,1958,1963,1809,1952,1419,1471,1559,1483,1439,1518,1475,1450,1330
906.0,1958,1963,1809,1952,1420,1472,1559,1485,1440,1518,1476,1450,1330
907.0,1958,1963,1809,1952,1420,1473,1560,1486,1441,1518,1476,1452,1331
908.0,1958,1963,1809,1952,1420,1473,1561,1486,1441,1518,1478,1452,1331
909.0,1958,1963,1809,1952,1421,1473,1561,1486,1441,1519,1478,1454,1332
910.0,1958,1963,1809,1952,1422,1476,1562,1486,1441,1519,1479,1454,1333
911.0,1958,1963,1809,1952,1422,1477,1563,1486,1443,1521,1480,1454,1334
912.0,1958,1963,1810,1952,1423,1477,1564,1486,1444,1522,1480,1456,1335
913.0,1958,1963,1810,1952,1423,1477,1564,1487,1444,1522,1481,1457,1336
914.0,1958,1963,1810,1952,1423,1477,1565,1487,1444,1524,1481,1457,1337
915.0,1958,1964,1811,1952,1424,1477,1565,1487,1445,1525,1481,1457,1337
916.0,1958,1964,1811,1952,1426,1478,1566,1488,1446,1525,1482,1457,1337
917.0,1958,1964,1811,1952,1427,1479,1566,1489,1448,1526,1483,1457,1337
918.0,1958,1964,1811,1952,1427,1480,1568,1489,1448,1526,1483,1458,1337
919.0,1958,1964,1811,1952,1428,1481,1569,1489,1448,1526,1483,1458,1338
920.0,1958,1964,1811,1952,1429,1481,1570,1489,1448,1527,1486,1459,1340
921.0,1958,1964,1812,1952,1430,1481,1570,1490,1449,1528,1487,1460,1341
922.0,1958,1964,1812,1952,1430,1481,1571,1492,1449,1529,1487,1460,1341
923.0,1958,1964,1812,1952,1431,1481,1572,1492,1449,1529,1487,1460,1342
924.0,1958,1964,1812,1952,1431,1483,1573,1493,1449,1529,1487,1460,1342
925.0,1958,1964,1812,1953,1433,1483,1574,1493,1449,1529,1488,1460,1342
926.0,1958,1964,1812,1953,1434,1484,1576,1493,1449,1531,1488,1460,1343
927.0,1958,1964,1812,1953,1434,1484,1576,1494,1449,1531,1488,1461,1344
928.0,1959,1964,1812,1953,1435,1484,1581,1495,1449,1531,1489,1462,1346
929.0,1959,1964,1812,1953,1435,1490,1581,1496,1450,1531,1490,1462,1346
930.0,1959,1964,1812,1953,1435,1492,1582,1496,1450,1531,1490,1464,1346
931.0,1959,1964,1812,1953,1435,1492,1582,1497,1450,1531,1492,1465,1346
932.0,1959,1964,1812,1953,1435,1492,1584,1498,1450,1532,1493,1465,1346
933.0,1959,1964,1812,1953,1436,1492,1585,1501,1450,1533,1495,1465,1346
934.0,1959,1964,1812,1953,1436,1493,1586,1502,1450,1534,1497,1466,1348
935.0,1959,1965,1812,1953,1436,1494,1587,1502,1451,1535,1498,1466,1348
936.0,1959,1965,1812,1953,1437,1495,1587,1503,1451,1536,1499,1467,1348
937.0,1959,1965,1812,1953,1437,1495,1587,1504,1451,1536,1500,1467,1348
938.0,1959,1965,1813,1953,1440,1495,1589,1504,1455,1537,1501,1467,1351
939.0,1959,1965,1814,1953,1440,1495,1589,1505,1455,1538,1501,1469,1352
940.0,1959,1965,1814,1953,1441,1496,1589,1505,1455,1538,1501,1469,1352
941.0,1959,1965,1814,1953,1441,1496,1589,1507,1455,1538,1502,1469,1353
942.0,1959,1965,1815,1953,1442,1497,1589,1507,1456,1539,1502,1470,1353
943.0,1959,1965,1815,1953,1443,1497,1591,1508,1457,1540,1503,1471,1353
944.0,1959,1965,1815,1953,1443,1497,1591,1509,1458,1543,1504,1471,1353
945.0,1959,1965,1816,1954,1444,1498,1591,1510,1458,1543,1504,1471,1353
946.0,1959,1965,1816,1954,1444,1499,1591,1511,1458,1544,1506,1472,1355
947.0,1959,1965,1816,1954,1445,1500,1591,1511,1459,1545,1508,1473,1355
948.0,1959,1965,1816,1954,1447,1501,1591,1512,1459,1546,1508,1475,1356
949.0,1959,1965,1816,1954,1450,1503,1591,1513,1459,1546,1508,1476,1356
950.0,1959,1965,1816,1954,1451,1504,1592,1513,1462,1547,1508,1477,1356
951.0,1959,1965,1816,1955,1451,1504,1595,1513,1462,1547,1508,1477,1356
952.0,1959,1965,1816,1955,1452,1504,1596,1514,1462,1548,1508,1477,1356
953.0,1959,1965,1816,1955,1453,1505,1596,1515,1463,1548,1508,1477,1356
954.0,1960,1965,1816,1955,1454,1505,1597,1516,1463,1548,1508,1478,1356
955.0,1960,1965,1816,1955,1454,1506,1598,1516,1464,1548,1510,1478,1356
956.0,1960,1965,1816,1955,1455,1506,1598,1517,1464,1550,1510,1478,1356
957.0,1960,1965,1816,1955,1456,1506,1598,1517,1465,1553,1511,1478,1356
958.0,1961,1965,1816,1955,1457,1506,1598,1517,1467,1553,1511,1479,1358
959.0,1961,1965,1816,1955,1458,1506,1598,1517,1469,1553,1512,1479,1358
960.0,1961,1965,1817,1955,1458,1508,1598,1518,1471,1553,1512,1479,1359
961.0,1961,1965,1817,1955,1459,1509,1598,1518,1473,1555,1513,1480,1360
962.0,1961,1965,1818,1955,1460,1509,1600,1519,1475,1556,1514,1481,1361
963.0,1961,1965,1818,1955,1462,1509,1602,1522,1475,1557,1514,1481,1361
964.0,1961,1965,1818,1955,1462,1510,1602,1524,1475,1558,1514,1481,1361
965.0,1961,1965,1818,1955,1462,1510,1602,1524,1475,1559,1514,1481,1362
966.0,1961,1965,1818,1955,1462,1510,1602,1525,1475,1560,1514,1481,1363
967.0,1961,1965,1818,1955,1464,1510,1603,1526,1475,1560,1515,1482,1363
968.0,1961,1965,1818,1955,1464,1510,1604,1526,1475,1560,1515,1482,1364
969.0,1961,1965,1818,1955,1465,1511,1604,1526,1475,1560,1516,1482,1364
970.0,1961,1965,1818,1955,1467,1511,1605,1527,1476,1561,1516,1482,1365
971.0,1961,1965,1818,1955,1467,1512,1606,1528,1476,1562,1517,1482,1366
972.0,1961,1965,1819,1955,1467,1513,1607,1528,1476,1562,1517,1482,1368
973.0,1961,1965,1819,1955,1467,1513,1607,1528,1476,1562,1517,1485,1368
974.0,1961,1965,1819,1955,1467,1513,1608,1528,1476,1562,1517,1485,1371
975.0,1961,1965,1819,1955,1467,1513,1608,1528,1476,1562,1517,1486,1371
976.0,1961,1965,1819,1955,1467,1513,1608,1528,1476,1562,1517,1486,1371
977.0,1961,1965,1819,1955,1468,1513,1608,1528,1477,1562,1517,1486,1371
978.0,1961,1965,1819,1955,1468,1513,1608,1528,1477,1562,1517,1486,1371
979.0,1962,1965,1819,1955,1469,1513,1609,1528,1478,1563,1517,1486,1371
980.0,1962,1966,1819,1955,1470,1513,1609,1528,1478,1563,1519,1486,1372
981.0,1962,1966,1819,1955,1471,1513,1610,1529,1480,1564,1519,1486,1373
982.0,1962,1966,1819,1955,1471,1513,1610,1529,1480,1564,1519,1486,1375
983.0,1962,1966,1819,1955,1471,1514,1610,1529,1482,1564,1520,1487,1376
984.0,1962,1966,1819,1955,1472,1514,1611,1530,1482,1564,1521,1488,1377
985.0,1962,1966,1819,1955,1472,1515,1613,1530,1483,1566,1522,1488,1380
986.0,1962,1966,1819,1955,1473,1519,1613,1530,1483,1566,1524,1488,1381
987.0,1962,1966,1819,1955,1473,1519,1614,1532,1483,1566,1525,1489,1382
988.0,1962,1966,1819,1955,1473,1519,1614,1534,1483,1566,1526,1491,1382
989.0,1962,1966,1819,1956,1474,1519,1614,1534,1483,1566,1526,1491,1383
990.0,1962,1966,1819,1956,1474,1519,1614,1535,1484,1567,1526,1492,1385
991.0,1962,1967,1819,1956,1474,1519,1615,1535,1485,1568,1526,1493,1386
992.0,1962,1967,1819,1956,1474,1519,1616,1535,1485,1569,1527,1495,1386
993.0,1962,1967,1819,1956,1476,1520,1616,1535,1485,1569,1528,1496,1386
994.0,1962,1967,1819,1956,1477,1520,1616,1535,1485,1571,1529,1496,1387
995.0,1962,1967,1819,1956,1478,1520,1616,1536,1486,1571,1529,1496,1387
996.0,1962,1967,1819,1956,1479,1520,1616,1536,1486,1572,1530,1496,1388
997.0,1963,1967,1819,1956,1480,1521,1616,1537,1487,1572,1530,1496,1388
998.0,1963,1967,1819,1956,1483,1524,1616,1537,1487,1573,1530,1499,1388
999.0,1963,1967,1819,1956,1484,1525,1616,1537,1487,1574,1530,1502,1388
1000.0,1963,1967,1819,1956,1484,1525,1616,1537,1487,1574,1530,1502,1388
