,idx,pop_num,pop_cum_num,ID_num_0.68,ID_cum_num_0.68,ID_cum_rate_0.68,ID_rate_0.68,ID_num_0.9,ID_cum_num_0.9,ID_cum_rate_0.9,ID_rate_0.9,ID_num_0.95,ID_cum_num_0.95,ID_cum_rate_0.95,ID_rate_0.95,ID_num_0.99,ID_cum_num_0.99,ID_cum_rate_0.99,ID_rate_0.99,ID_num_0.999,ID_cum_num_0.999,ID_cum_rate_0.999,ID_rate_0.999,ID_num_0.9999,ID_cum_num_0.9999,ID_cum_rate_0.9999,ID_rate_0.9999,ID_num_0.99999,ID_cum_num_0.99999,ID_cum_rate_0.99999,ID_rate_0.99999
0,1,1,1,1,1,1.0,1.0,1,1,1.0,1.0,1,1,1.0,1.0,1,1,1.0,1.0,1,1,1.0,1.0,1,1,1.0,1.0,1,1,1.0,1.0
1,2,1,2,0,1,0.5,0.0,1,2,1.0,1.0,1,2,1.0,1.0,1,2,1.0,1.0,1,2,1.0,1.0,1,2,1.0,1.0,1,2,1.0,1.0
2,3,2,4,1,2,0.5,0.5,2,4,1.0,1.0,2,4,1.0,1.0,2,4,1.0,1.0,2,4,1.0,1.0,2,4,1.0,1.0,2,4,1.0,1.0
3,4,2,6,2,4,0.667,1.0,2,6,1.0,1.0,2,6,1.0,1.0,2,6,1.0,1.0,2,6,1.0,1.0,2,6,1.0,1.0,2,6,1.0,1.0
4,7,1,7,1,5,0.714,1.0,1,7,1.0,1.0,1,7,1.0,1.0,1,7,1.0,1.0,1,7,1.0,1.0,1,7,1.0,1.0,1,7,1.0,1.0
5,8,4,11,2,7,0.636,0.5,3,10,0.909,0.75,4,11,1.0,1.0,4,11,1.0,1.0,4,11,1.0,1.0,4,11,1.0,1.0,4,11,1.0,1.0
6,9,2,13,1,8,0.615,0.5,2,12,0.923,1.0,2,13,1.0,1.0,2,13,1.0,1.0,2,13,1.0,1.0,2,13,1.0,1.0,2,13,1.0,1.0
7,11,1,14,0,8,0.571,0.0,0,12,0.857,0.0,0,13,0.929,0.0,1,14,1.0,1.0,1,14,1.0,1.0,1,14,1.0,1.0,1,14,1.0,1.0
8,16,3,17,2,10,0.588,0.667,2,14,0.824,0.667,2,15,0.882,0.667,3,17,1.0,1.0,3,17,1.0,1.0,3,17,1.0,1.0,3,17,1.0,1.0
9,21,1,18,1,11,0.611,1.0,1,15,0.833,1.0,1,16,0.889,1.0,1,18,1.0,1.0,1,18,1.0,1.0,1,18,1.0,1.0,1,18,1.0,1.0
10,22,1,19,1,12,0.632,1.0,1,16,0.842,1.0,1,17,0.895,1.0,1,19,1.0,1.0,1,19,1.0,1.0,1,19,1.0,1.0,1,19,1.0,1.0
11,23,2,21,1,13,0.619,0.5,2,18,0.857,1.0,2,19,0.905,1.0,2,21,1.0,1.0,2,21,1.0,1.0,2,21,1.0,1.0,2,21,1.0,1.0
12,25,4,25,3,16,0.64,0.75,4,22,0.88,1.0,4,23,0.92,1.0,4,25,1.0,1.0,4,25,1.0,1.0,4,25,1.0,1.0,4,25,1.0,1.0
13,26,1,26,1,17,0.654,1.0,1,23,0.885,1.0,1,24,0.923,1.0,1,26,1.0,1.0,1,26,1.0,1.0,1,26,1.0,1.0,1,26,1.0,1.0
14,27,2,28,2,19,0.679,1.0,2,25,0.893,1.0,2,26,0.929,1.0,2,28,1.0,1.0,2,28,1.0,1.0,2,28,1.0,1.0,2,28,1.0,1.0
15,28,1,29,0,19,0.655,0.0,1,26,0.897,1.0,1,27,0.931,1.0,1,29,1.0,1.0,1,29,1.0,1.0,1,29,1.0,1.0,1,29,1.0,1.0
16,29,1,30,1,20,0.667,1.0,1,27,0.9,1.0,1,28,0.933,1.0,1,30,1.0,1.0,1,30,1.0,1.0,1,30,1.0,1.0,1,30,1.0,1.0
17,31,4,34,4,24,0.706,1.0,4,31,0.912,1.0,4,32,0.941,1.0,4,34,1.0,1.0,4,34,1.0,1.0,4,34,1.0,1.0,4,34,1.0,1.0
18,32,1,35,0,24,0.686,0.0,1,32,0.914,1.0,1,33,0.943,1.0,1,35,1.0,1.0,1,35,1.0,1.0,1,35,1.0,1.0,1,35,1.0,1.0
19,33,5,40,3,27,0.675,0.6,4,36,0.9,0.8,4,37,0.925,0.8,5,40,1.0,1.0,5,40,1.0,1.0,5,40,1.0,1.0,5,40,1.0,1.0
20,35,1,41,0,27,0.659,0.0,1,37,0.902,1.0,1,38,0.927,1.0,1,41,1.0,1.0,1,41,1.0,1.0,1,41,1.0,1.0,1,41,1.0,1.0
21,36,1,42,1,28,0.667,1.0,1,38,0.905,1.0,1,39,0.929,1.0,1,42,1.0,1.0,1,42,1.0,1.0,1,42,1.0,1.0,1,42,1.0,1.0
22,37,2,44,1,29,0.659,0.5,2,40,0.909,1.0,2,41,0.932,1.0,2,44,1.0,1.0,2,44,1.0,1.0,2,44,1.0,1.0,2,44,1.0,1.0
23,40,2,46,1,30,0.652,0.5,2,42,0.913,1.0,2,43,0.935,1.0,2,46,1.0,1.0,2,46,1.0,1.0,2,46,1.0,1.0,2,46,1.0,1.0
24,41,3,49,0,30,0.612,0.0,3,45,0.918,1.0,3,46,0.939,1.0,3,49,1.0,1.0,3,49,1.0,1.0,3,49,1.0,1.0,3,49,1.0,1.0
25,42,2,51,2,32,0.627,1.0,2,47,0.922,1.0,2,48,0.941,1.0,2,51,1.0,1.0,2,51,1.0,1.0,2,51,1.0,1.0,2,51,1.0,1.0
26,43,2,53,2,34,0.642,1.0,2,49,0.925,1.0,2,50,0.943,1.0,2,53,1.0,1.0,2,53,1.0,1.0,2,53,1.0,1.0,2,53,1.0,1.0
27,44,1,54,1,35,0.648,1.0,1,50,0.926,1.0,1,51,0.944,1.0,1,54,1.0,1.0,1,54,1.0,1.0,1,54,1.0,1.0,1,54,1.0,1.0
28,45,2,56,2,37,0.661,1.0,2,52,0.929,1.0,2,53,0.946,1.0,2,56,1.0,1.0,2,56,1.0,1.0,2,56,1.0,1.0,2,56,1.0,1.0
29,47,2,58,1,38,0.655,0.5,2,54,0.931,1.0,2,55,0.948,1.0,2,58,1.0,1.0,2,58,1.0,1.0,2,58,1.0,1.0,2,58,1.0,1.0
30,49,2,60,1,39,0.65,0.5,1,55,0.917,0.5,1,56,0.933,0.5,2,60,1.0,1.0,2,60,1.0,1.0,2,60,1.0,1.0,2,60,1.0,1.0
31,50,3,63,3,42,0.667,1.0,3,58,0.921,1.0,3,59,0.937,1.0,3,63,1.0,1.0,3,63,1.0,1.0,3,63,1.0,1.0,3,63,1.0,1.0
32,51,2,65,1,43,0.662,0.5,2,60,0.923,1.0,2,61,0.938,1.0,2,65,1.0,1.0,2,65,1.0,1.0,2,65,1.0,1.0,2,65,1.0,1.0
33,52,2,67,0,43,0.642,0.0,1,61,0.91,0.5,1,62,0.925,0.5,2,67,1.0,1.0,2,67,1.0,1.0,2,67,1.0,1.0,2,67,1.0,1.0
34,53,2,69,1,44,0.638,0.5,2,63,0.913,1.0,2,64,0.928,1.0,2,69,1.0,1.0,2,69,1.0,1.0,2,69,1.0,1.0,2,69,1.0,1.0
35,54,1,70,1,45,0.643,1.0,1,64,0.914,1.0,1,65,0.929,1.0,1,70,1.0,1.0,1,70,1.0,1.0,1,70,1.0,1.0,1,70,1.0,1.0
36,56,2,72,1,46,0.639,0.5,1,65,0.903,0.5,2,67,0.931,1.0,2,72,1.0,1.0,2,72,1.0,1.0,2,72,1.0,1.0,2,72,1.0,1.0
37,57,1,73,1,47,0.644,1.0,1,66,0.904,1.0,1,68,0.932,1.0,1,73,1.0,1.0,1,73,1.0,1.0,1,73,1.0,1.0,1,73,1.0,1.0
38,58,3,76,1,48,0.632,0.333,2,68,0.895,0.667,3,71,0.934,1.0,3,76,1.0,1.0,3,76,1.0,1.0,3,76,1.0,1.0,3,76,1.0,1.0
39,59,1,77,0,48,0.623,0.0,1,69,0.896,1.0,1,72,0.935,1.0,1,77,1.0,1.0,1,77,1.0,1.0,1,77,1.0,1.0,1,77,1.0,1.0
40,61,1,78,1,49,0.628,1.0,1,70,0.897,1.0,1,73,0.936,1.0,1,78,1.0,1.0,1,78,1.0,1.0,1,78,1.0,1.0,1,78,1.0,1.0
41,62,1,79,1,50,0.633,1.0,1,71,0.899,1.0,1,74,0.937,1.0,1,79,1.0,1.0,1,79,1.0,1.0,1,79,1.0,1.0,1,79,1.0,1.0
42,63,1,80,1,51,0.638,1.0,1,72,0.9,1.0,1,75,0.938,1.0,1,80,1.0,1.0,1,80,1.0,1.0,1,80,1.0,1.0,1,80,1.0,1.0
43,64,2,82,1,52,0.634,0.5,2,74,0.902,1.0,2,77,0.939,1.0,2,82,1.0,1.0,2,82,1.0,1.0,2,82,1.0,1.0,2,82,1.0,1.0
44,65,2,84,2,54,0.643,1.0,2,76,0.905,1.0,2,79,0.94,1.0,2,84,1.0,1.0,2,84,1.0,1.0,2,84,1.0,1.0,2,84,1.0,1.0
45,66,1,85,1,55,0.647,1.0,1,77,0.906,1.0,1,80,0.941,1.0,1,85,1.0,1.0,1,85,1.0,1.0,1,85,1.0,1.0,1,85,1.0,1.0
46,67,3,88,3,58,0.659,1.0,3,80,0.909,1.0,3,83,0.943,1.0,3,88,1.0,1.0,3,88,1.0,1.0,3,88,1.0,1.0,3,88,1.0,1.0
47,68,2,90,2,60,0.667,1.0,2,82,0.911,1.0,2,85,0.944,1.0,2,90,1.0,1.0,2,90,1.0,1.0,2,90,1.0,1.0,2,90,1.0,1.0
48,69,3,93,1,61,0.656,0.333,3,85,0.914,1.0,3,88,0.946,1.0,3,93,1.0,1.0,3,93,1.0,1.0,3,93,1.0,1.0,3,93,1.0,1.0
49,70,2,95,2,63,0.663,1.0,2,87,0.916,1.0,2,90,0.947,1.0,2,95,1.0,1.0,2,95,1.0,1.0,2,95,1.0,1.0,2,95,1.0,1.0
50,71,1,96,0,63,0.656,0.0,1,88,0.917,1.0,1,91,0.948,1.0,1,96,1.0,1.0,1,96,1.0,1.0,1,96,1.0,1.0,1,96,1.0,1.0
51,73,1,97,1,64,0.66,1.0,1,89,0.918,1.0,1,92,0.948,1.0,1,97,1.0,1.0,1,97,1.0,1.0,1,97,1.0,1.0,1,97,1.0,1.0
52,75,2,99,1,65,0.657,0.5,1,90,0.909,0.5,2,94,0.949,1.0,2,99,1.0,1.0,2,99,1.0,1.0,2,99,1.0,1.0,2,99,1.0,1.0
53,76,1,100,1,66,0.66,1.0,1,91,0.91,1.0,1,95,0.95,1.0,1,100,1.0,1.0,1,100,1.0,1.0,1,100,1.0,1.0,1,100,1.0,1.0
54,77,3,103,3,69,0.67,1.0,3,94,0.913,1.0,3,98,0.951,1.0,3,103,1.0,1.0,3,103,1.0,1.0,3,103,1.0,1.0,3,103,1.0,1.0
55,78,3,106,3,72,0.679,1.0,3,97,0.915,1.0,3,101,0.953,1.0,3,106,1.0,1.0,3,106,1.0,1.0,3,106,1.0,1.0,3,106,1.0,1.0
56,79,4,110,3,75,0.682,0.75,4,101,0.918,1.0,4,105,0.955,1.0,4,110,1.0,1.0,4,110,1.0,1.0,4,110,1.0,1.0,4,110,1.0,1.0
57,80,4,114,2,77,0.675,0.5,4,105,0.921,1.0,4,109,0.956,1.0,4,114,1.0,1.0,4,114,1.0,1.0,4,114,1.0,1.0,4,114,1.0,1.0
58,81,2,116,1,78,0.672,0.5,2,107,0.922,1.0,2,111,0.957,1.0,2,116,1.0,1.0,2,116,1.0,1.0,2,116,1.0,1.0,2,116,1.0,1.0
59,82,2,118,1,79,0.669,0.5,2,109,0.924,1.0,2,113,0.958,1.0,2,118,1.0,1.0,2,118,1.0,1.0,2,118,1.0,1.0,2,118,1.0,1.0
60,83,1,119,0,79,0.664,0.0,1,110,0.924,1.0,1,114,0.958,1.0,1,119,1.0,1.0,1,119,1.0,1.0,1,119,1.0,1.0,1,119,1.0,1.0
61,84,2,121,2,81,0.669,1.0,2,112,0.926,1.0,2,116,0.959,1.0,2,121,1.0,1.0,2,121,1.0,1.0,2,121,1.0,1.0,2,121,1.0,1.0
62,85,2,123,1,82,0.667,0.5,2,114,0.927,1.0,2,118,0.959,1.0,2,123,1.0,1.0,2,123,1.0,1.0,2,123,1.0,1.0,2,123,1.0,1.0
63,87,2,125,1,83,0.664,0.5,2,116,0.928,1.0,2,120,0.96,1.0,2,125,1.0,1.0,2,125,1.0,1.0,2,125,1.0,1.0,2,125,1.0,1.0
64,88,2,127,0,83,0.654,0.0,1,117,0.921,0.5,1,121,0.953,0.5,2,127,1.0,1.0,2,127,1.0,1.0,2,127,1.0,1.0,2,127,1.0,1.0
65,89,1,128,1,84,0.656,1.0,1,118,0.922,1.0,1,122,0.953,1.0,1,128,1.0,1.0,1,128,1.0,1.0,1,128,1.0,1.0,1,128,1.0,1.0
66,90,2,130,1,85,0.654,0.5,2,120,0.923,1.0,2,124,0.954,1.0,2,130,1.0,1.0,2,130,1.0,1.0,2,130,1.0,1.0,2,130,1.0,1.0
67,91,7,137,4,89,0.65,0.571,7,127,0.927,1.0,7,131,0.956,1.0,7,137,1.0,1.0,7,137,1.0,1.0,7,137,1.0,1.0,7,137,1.0,1.0
68,92,1,138,1,90,0.652,1.0,1,128,0.928,1.0,1,132,0.957,1.0,1,138,1.0,1.0,1,138,1.0,1.0,1,138,1.0,1.0,1,138,1.0,1.0
69,93,1,139,0,90,0.647,0.0,0,128,0.921,0.0,1,133,0.957,1.0,1,139,1.0,1.0,1,139,1.0,1.0,1,139,1.0,1.0,1,139,1.0,1.0
70,95,2,141,1,91,0.645,0.5,2,130,0.922,1.0,2,135,0.957,1.0,2,141,1.0,1.0,2,141,1.0,1.0,2,141,1.0,1.0,2,141,1.0,1.0
71,96,3,144,3,94,0.653,1.0,3,133,0.924,1.0,3,138,0.958,1.0,3,144,1.0,1.0,3,144,1.0,1.0,3,144,1.0,1.0,3,144,1.0,1.0
72,97,3,147,1,95,0.646,0.333,1,134,0.912,0.333,2,140,0.952,0.667,2,146,0.993,0.667,3,147,1.0,1.0,3,147,1.0,1.0,3,147,1.0,1.0
73,98,4,151,3,98,0.649,0.75,4,138,0.914,1.0,4,144,0.954,1.0,4,150,0.993,1.0,4,151,1.0,1.0,4,151,1.0,1.0,4,151,1.0,1.0
74,100,4,155,2,100,0.645,0.5,3,141,0.91,0.75,3,147,0.948,0.75,4,154,0.994,1.0,4,155,1.0,1.0,4,155,1.0,1.0,4,155,1.0,1.0
75,101,3,158,1,101,0.639,0.333,3,144,0.911,1.0,3,150,0.949,1.0,3,157,0.994,1.0,3,158,1.0,1.0,3,158,1.0,1.0,3,158,1.0,1.0
76,102,1,159,1,102,0.642,1.0,1,145,0.912,1.0,1,151,0.95,1.0,1,158,0.994,1.0,1,159,1.0,1.0,1,159,1.0,1.0,1,159,1.0,1.0
77,103,3,162,3,105,0.648,1.0,3,148,0.914,1.0,3,154,0.951,1.0,3,161,0.994,1.0,3,162,1.0,1.0,3,162,1.0,1.0,3,162,1.0,1.0
78,104,4,166,3,108,0.651,0.75,3,151,0.91,0.75,3,157,0.946,0.75,4,165,0.994,1.0,4,166,1.0,1.0,4,166,1.0,1.0,4,166,1.0,1.0
79,105,3,169,0,108,0.639,0.0,2,153,0.905,0.667,3,160,0.947,1.0,3,168,0.994,1.0,3,169,1.0,1.0,3,169,1.0,1.0,3,169,1.0,1.0
80,106,3,172,2,110,0.64,0.667,3,156,0.907,1.0,3,163,0.948,1.0,3,171,0.994,1.0,3,172,1.0,1.0,3,172,1.0,1.0,3,172,1.0,1.0
81,107,1,173,1,111,0.642,1.0,1,157,0.908,1.0,1,164,0.948,1.0,1,172,0.994,1.0,1,173,1.0,1.0,1,173,1.0,1.0,1,173,1.0,1.0
82,108,4,177,2,113,0.638,0.5,3,160,0.904,0.75,3,167,0.944,0.75,3,175,0.989,0.75,4,177,1.0,1.0,4,177,1.0,1.0,4,177,1.0,1.0
83,109,2,179,1,114,0.637,0.5,2,162,0.905,1.0,2,169,0.944,1.0,2,177,0.989,1.0,2,179,1.0,1.0,2,179,1.0,1.0,2,179,1.0,1.0
84,110,1,180,1,115,0.639,1.0,1,163,0.906,1.0,1,170,0.944,1.0,1,178,0.989,1.0,1,180,1.0,1.0,1,180,1.0,1.0,1,180,1.0,1.0
85,112,2,182,0,115,0.632,0.0,2,165,0.907,1.0,2,172,0.945,1.0,2,180,0.989,1.0,2,182,1.0,1.0,2,182,1.0,1.0,2,182,1.0,1.0
86,113,2,184,1,116,0.63,0.5,2,167,0.908,1.0,2,174,0.946,1.0,2,182,0.989,1.0,2,184,1.0,1.0,2,184,1.0,1.0,2,184,1.0,1.0
87,114,4,188,3,119,0.633,0.75,3,170,0.904,0.75,4,178,0.947,1.0,4,186,0.989,1.0,4,188,1.0,1.0,4,188,1.0,1.0,4,188,1.0,1.0
88,116,1,189,0,119,0.63,0.0,0,170,0.899,0.0,1,179,0.947,1.0,1,187,0.989,1.0,1,189,1.0,1.0,1,189,1.0,1.0,1,189,1.0,1.0
89,117,4,193,2,121,0.627,0.5,3,173,0.896,0.75,3,182,0.943,0.75,4,191,0.99,1.0,4,193,1.0,1.0,4,193,1.0,1.0,4,193,1.0,1.0
90,118,2,195,1,122,0.626,0.5,2,175,0.897,1.0,2,184,0.944,1.0,2,193,0.99,1.0,2,195,1.0,1.0,2,195,1.0,1.0,2,195,1.0,1.0
91,119,6,201,6,128,0.637,1.0,6,181,0.9,1.0,6,190,0.945,1.0,6,199,0.99,1.0,6,201,1.0,1.0,6,201,1.0,1.0,6,201,1.0,1.0
92,120,2,203,0,128,0.631,0.0,2,183,0.901,1.0,2,192,0.946,1.0,2,201,0.99,1.0,2,203,1.0,1.0,2,203,1.0,1.0,2,203,1.0,1.0
93,121,3,206,1,129,0.626,0.333,1,184,0.893,0.333,2,194,0.942,0.667,3,204,0.99,1.0,3,206,1.0,1.0,3,206,1.0,1.0,3,206,1.0,1.0
94,122,6,212,4,133,0.627,0.667,5,189,0.892,0.833,5,199,0.939,0.833,5,209,0.986,0.833,6,212,1.0,1.0,6,212,1.0,1.0,6,212,1.0,1.0
95,123,5,217,4,137,0.631,0.8,5,194,0.894,1.0,5,204,0.94,1.0,5,214,0.986,1.0,5,217,1.0,1.0,5,217,1.0,1.0,5,217,1.0,1.0
96,124,2,219,1,138,0.63,0.5,1,195,0.89,0.5,1,205,0.936,0.5,2,216,0.986,1.0,2,219,1.0,1.0,2,219,1.0,1.0,2,219,1.0,1.0
97,125,3,222,2,140,0.631,0.667,3,198,0.892,1.0,3,208,0.937,1.0,3,219,0.986,1.0,3,222,1.0,1.0,3,222,1.0,1.0,3,222,1.0,1.0
98,126,4,226,3,143,0.633,0.75,4,202,0.894,1.0,4,212,0.938,1.0,4,223,0.987,1.0,4,226,1.0,1.0,4,226,1.0,1.0,4,226,1.0,1.0
99,127,3,229,3,146,0.638,1.0,3,205,0.895,1.0,3,215,0.939,1.0,3,226,0.987,1.0,3,229,1.0,1.0,3,229,1.0,1.0,3,229,1.0,1.0
100,129,4,233,3,149,0.639,0.75,3,208,0.893,0.75,3,218,0.936,0.75,4,230,0.987,1.0,4,233,1.0,1.0,4,233,1.0,1.0,4,233,1.0,1.0
101,130,6,239,2,151,0.632,0.333,5,213,0.891,0.833,5,223,0.933,0.833,6,236,0.987,1.0,6,239,1.0,1.0,6,239,1.0,1.0,6,239,1.0,1.0
102,131,3,242,2,153,0.632,0.667,2,215,0.888,0.667,3,226,0.934,1.0,3,239,0.988,1.0,3,242,1.0,1.0,3,242,1.0,1.0,3,242,1.0,1.0
103,132,5,247,4,157,0.636,0.8,5,220,0.891,1.0,5,231,0.935,1.0,5,244,0.988,1.0,5,247,1.0,1.0,5,247,1.0,1.0,5,247,1.0,1.0
104,133,2,249,1,158,0.635,0.5,2,222,0.892,1.0,2,233,0.936,1.0,2,246,0.988,1.0,2,249,1.0,1.0,2,249,1.0,1.0,2,249,1.0,1.0
105,134,6,255,2,160,0.627,0.333,3,225,0.882,0.5,4,237,0.929,0.667,6,252,0.988,1.0,6,255,1.0,1.0,6,255,1.0,1.0,6,255,1.0,1.0
106,135,3,258,1,161,0.624,0.333,2,227,0.88,0.667,2,239,0.926,0.667,3,255,0.988,1.0,3,258,1.0,1.0,3,258,1.0,1.0,3,258,1.0,1.0
107,136,3,261,3,164,0.628,1.0,3,230,0.881,1.0,3,242,0.927,1.0,3,258,0.989,1.0,3,261,1.0,1.0,3,261,1.0,1.0,3,261,1.0,1.0
108,137,3,264,1,165,0.625,0.333,2,232,0.879,0.667,3,245,0.928,1.0,3,261,0.989,1.0,3,264,1.0,1.0,3,264,1.0,1.0,3,264,1.0,1.0
109,138,2,266,1,166,0.624,0.5,2,234,0.88,1.0,2,247,0.929,1.0,2,263,0.989,1.0,2,266,1.0,1.0,2,266,1.0,1.0,2,266,1.0,1.0
110,139,3,269,2,168,0.625,0.667,3,237,0.881,1.0,3,250,0.929,1.0,3,266,0.989,1.0,3,269,1.0,1.0,3,269,1.0,1.0,3,269,1.0,1.0
111,140,2,271,2,170,0.627,1.0,2,239,0.882,1.0,2,252,0.93,1.0,2,268,0.989,1.0,2,271,1.0,1.0,2,271,1.0,1.0,2,271,1.0,1.0
112,141,2,273,1,171,0.626,0.5,2,241,0.883,1.0,2,254,0.93,1.0,2,270,0.989,1.0,2,273,1.0,1.0,2,273,1.0,1.0,2,273,1.0,1.0
113,142,3,276,3,174,0.63,1.0,3,244,0.884,1.0,3,257,0.931,1.0,3,273,0.989,1.0,3,276,1.0,1.0,3,276,1.0,1.0,3,276,1.0,1.0
114,143,1,277,1,175,0.632,1.0,1,245,0.884,1.0,1,258,0.931,1.0,1,274,0.989,1.0,1,277,1.0,1.0,1,277,1.0,1.0,1,277,1.0,1.0
115,144,2,279,1,176,0.631,0.5,1,246,0.882,0.5,2,260,0.932,1.0,2,276,0.989,1.0,2,279,1.0,1.0,2,279,1.0,1.0,2,279,1.0,1.0
116,145,1,280,0,176,0.629,0.0,1,247,0.882,1.0,1,261,0.932,1.0,1,277,0.989,1.0,1,280,1.0,1.0,1,280,1.0,1.0,1,280,1.0,1.0
117,146,2,282,1,177,0.628,0.5,2,249,0.883,1.0,2,263,0.933,1.0,2,279,0.989,1.0,2,282,1.0,1.0,2,282,1.0,1.0,2,282,1.0,1.0
118,147,2,284,1,178,0.627,0.5,2,251,0.884,1.0,2,265,0.933,1.0,2,281,0.989,1.0,2,284,1.0,1.0,2,284,1.0,1.0,2,284,1.0,1.0
119,148,2,286,1,179,0.626,0.5,2,253,0.885,1.0,2,267,0.934,1.0,2,283,0.99,1.0,2,286,1.0,1.0,2,286,1.0,1.0,2,286,1.0,1.0
120,149,3,289,0,179,0.619,0.0,2,255,0.882,0.667,3,270,0.934,1.0,3,286,0.99,1.0,3,289,1.0,1.0,3,289,1.0,1.0,3,289,1.0,1.0
121,150,1,290,1,180,0.621,1.0,1,256,0.883,1.0,1,271,0.934,1.0,1,287,0.99,1.0,1,290,1.0,1.0,1,290,1.0,1.0,1,290,1.0,1.0
122,151,1,291,1,181,0.622,1.0,1,257,0.883,1.0,1,272,0.935,1.0,1,288,0.99,1.0,1,291,1.0,1.0,1,291,1.0,1.0,1,291,1.0,1.0
123,153,5,296,3,184,0.622,0.6,4,261,0.882,0.8,5,277,0.936,1.0,5,293,0.99,1.0,5,296,1.0,1.0,5,296,1.0,1.0,5,296,1.0,1.0
124,154,2,298,1,185,0.621,0.5,1,262,0.879,0.5,2,279,0.936,1.0,2,295,0.99,1.0,2,298,1.0,1.0,2,298,1.0,1.0,2,298,1.0,1.0
125,155,3,301,3,188,0.625,1.0,3,265,0.88,1.0,3,282,0.937,1.0,3,298,0.99,1.0,3,301,1.0,1.0,3,301,1.0,1.0,3,301,1.0,1.0
126,156,3,304,3,191,0.628,1.0,3,268,0.882,1.0,3,285,0.938,1.0,3,301,0.99,1.0,3,304,1.0,1.0,3,304,1.0,1.0,3,304,1.0,1.0
127,158,3,307,2,193,0.629,0.667,2,270,0.879,0.667,2,287,0.935,0.667,3,304,0.99,1.0,3,307,1.0,1.0,3,307,1.0,1.0,3,307,1.0,1.0
128,159,5,312,2,195,0.625,0.4,5,275,0.881,1.0,5,292,0.936,1.0,5,309,0.99,1.0,5,312,1.0,1.0,5,312,1.0,1.0,5,312,1.0,1.0
129,160,2,314,1,196,0.624,0.5,2,277,0.882,1.0,2,294,0.936,1.0,2,311,0.99,1.0,2,314,1.0,1.0,2,314,1.0,1.0,2,314,1.0,1.0
130,161,2,316,2,198,0.627,1.0,2,279,0.883,1.0,2,296,0.937,1.0,2,313,0.991,1.0,2,316,1.0,1.0,2,316,1.0,1.0,2,316,1.0,1.0
131,162,1,317,0,198,0.625,0.0,1,280,0.883,1.0,1,297,0.937,1.0,1,314,0.991,1.0,1,317,1.0,1.0,1,317,1.0,1.0,1,317,1.0,1.0
132,163,3,320,3,201,0.628,1.0,3,283,0.884,1.0,3,300,0.938,1.0,3,317,0.991,1.0,3,320,1.0,1.0,3,320,1.0,1.0,3,320,1.0,1.0
133,164,6,326,4,205,0.629,0.667,5,288,0.883,0.833,6,306,0.939,1.0,6,323,0.991,1.0,6,326,1.0,1.0,6,326,1.0,1.0,6,326,1.0,1.0
134,165,3,329,2,207,0.629,0.667,2,290,0.881,0.667,3,309,0.939,1.0,3,326,0.991,1.0,3,329,1.0,1.0,3,329,1.0,1.0,3,329,1.0,1.0
135,166,1,330,0,207,0.627,0.0,0,290,0.879,0.0,0,309,0.936,0.0,0,326,0.988,0.0,0,329,0.997,0.0,0,329,0.997,0.0,0,329,0.997,0.0
136,169,3,333,0,207,0.622,0.0,2,292,0.877,0.667,3,312,0.937,1.0,3,329,0.988,1.0,3,332,0.997,1.0,3,332,0.997,1.0,3,332,0.997,1.0
137,170,3,336,2,209,0.622,0.667,3,295,0.878,1.0,3,315,0.938,1.0,3,332,0.988,1.0,3,335,0.997,1.0,3,335,0.997,1.0,3,335,0.997,1.0
138,171,3,339,1,210,0.619,0.333,1,296,0.873,0.333,2,317,0.935,0.667,3,335,0.988,1.0,3,338,0.997,1.0,3,338,0.997,1.0,3,338,0.997,1.0
139,172,3,342,3,213,0.623,1.0,3,299,0.874,1.0,3,320,0.936,1.0,3,338,0.988,1.0,3,341,0.997,1.0,3,341,0.997,1.0,3,341,0.997,1.0
140,173,1,343,1,214,0.624,1.0,1,300,0.875,1.0,1,321,0.936,1.0,1,339,0.988,1.0,1,342,0.997,1.0,1,342,0.997,1.0,1,342,0.997,1.0
141,174,5,348,5,219,0.629,1.0,5,305,0.876,1.0,5,326,0.937,1.0,5,344,0.989,1.0,5,347,0.997,1.0,5,347,0.997,1.0,5,347,0.997,1.0
142,175,1,349,0,219,0.628,0.0,1,306,0.877,1.0,1,327,0.937,1.0,1,345,0.989,1.0,1,348,0.997,1.0,1,348,0.997,1.0,1,348,0.997,1.0
143,176,4,353,3,222,0.629,0.75,3,309,0.875,0.75,4,331,0.938,1.0,4,349,0.989,1.0,4,352,0.997,1.0,4,352,0.997,1.0,4,352,0.997,1.0
144,177,6,359,5,227,0.632,0.833,6,315,0.877,1.0,6,337,0.939,1.0,6,355,0.989,1.0,6,358,0.997,1.0,6,358,0.997,1.0,6,358,0.997,1.0
145,178,3,362,2,229,0.633,0.667,3,318,0.878,1.0,3,340,0.939,1.0,3,358,0.989,1.0,3,361,0.997,1.0,3,361,0.997,1.0,3,361,0.997,1.0
146,180,3,365,2,231,0.633,0.667,3,321,0.879,1.0,3,343,0.94,1.0,3,361,0.989,1.0,3,364,0.997,1.0,3,364,0.997,1.0,3,364,0.997,1.0
147,181,4,369,1,232,0.629,0.25,2,323,0.875,0.5,4,347,0.94,1.0,4,365,0.989,1.0,4,368,0.997,1.0,4,368,0.997,1.0,4,368,0.997,1.0
148,182,4,373,3,235,0.63,0.75,4,327,0.877,1.0,4,351,0.941,1.0,4,369,0.989,1.0,4,372,0.997,1.0,4,372,0.997,1.0,4,372,0.997,1.0
149,184,3,376,3,238,0.633,1.0,3,330,0.878,1.0,3,354,0.941,1.0,3,372,0.989,1.0,3,375,0.997,1.0,3,375,0.997,1.0,3,375,0.997,1.0
150,185,1,377,1,239,0.634,1.0,1,331,0.878,1.0,1,355,0.942,1.0,1,373,0.989,1.0,1,376,0.997,1.0,1,376,0.997,1.0,1,376,0.997,1.0
151,186,2,379,2,241,0.636,1.0,2,333,0.879,1.0,2,357,0.942,1.0,2,375,0.989,1.0,2,378,0.997,1.0,2,378,0.997,1.0,2,378,0.997,1.0
152,188,1,380,0,241,0.634,0.0,1,334,0.879,1.0,1,358,0.942,1.0,1,376,0.989,1.0,1,379,0.997,1.0,1,379,0.997,1.0,1,379,0.997,1.0
153,189,2,382,0,241,0.631,0.0,2,336,0.88,1.0,2,360,0.942,1.0,2,378,0.99,1.0,2,381,0.997,1.0,2,381,0.997,1.0,2,381,0.997,1.0
154,191,3,385,2,243,0.631,0.667,2,338,0.878,0.667,3,363,0.943,1.0,3,381,0.99,1.0,3,384,0.997,1.0,3,384,0.997,1.0,3,384,0.997,1.0
155,192,9,394,3,246,0.624,0.333,5,343,0.871,0.556,7,370,0.939,0.778,9,390,0.99,1.0,9,393,0.997,1.0,9,393,0.997,1.0,9,393,0.997,1.0
156,193,2,396,1,247,0.624,0.5,1,344,0.869,0.5,1,371,0.937,0.5,1,391,0.987,0.5,2,395,0.997,1.0,2,395,0.997,1.0,2,395,0.997,1.0
157,194,2,398,0,247,0.621,0.0,1,345,0.867,0.5,1,372,0.935,0.5,2,393,0.987,1.0,2,397,0.997,1.0,2,397,0.997,1.0,2,397,0.997,1.0
158,195,4,402,3,250,0.622,0.75,4,349,0.868,1.0,4,376,0.935,1.0,4,397,0.988,1.0,4,401,0.998,1.0,4,401,0.998,1.0,4,401,0.998,1.0
159,196,2,404,0,250,0.619,0.0,2,351,0.869,1.0,2,378,0.936,1.0,2,399,0.988,1.0,2,403,0.998,1.0,2,403,0.998,1.0,2,403,0.998,1.0
160,197,3,407,0,250,0.614,0.0,2,353,0.867,0.667,3,381,0.936,1.0,3,402,0.988,1.0,3,406,0.998,1.0,3,406,0.998,1.0,3,406,0.998,1.0
161,198,1,408,0,250,0.613,0.0,0,353,0.865,0.0,0,381,0.934,0.0,0,402,0.985,0.0,1,407,0.998,1.0,1,407,0.998,1.0,1,407,0.998,1.0
162,199,5,413,3,253,0.613,0.6,3,356,0.862,0.6,5,386,0.935,1.0,5,407,0.985,1.0,5,412,0.998,1.0,5,412,0.998,1.0,5,412,0.998,1.0
163,200,2,415,0,253,0.61,0.0,1,357,0.86,0.5,2,388,0.935,1.0,2,409,0.986,1.0,2,414,0.998,1.0,2,414,0.998,1.0,2,414,0.998,1.0
164,201,3,418,2,255,0.61,0.667,2,359,0.859,0.667,2,390,0.933,0.667,3,412,0.986,1.0,3,417,0.998,1.0,3,417,0.998,1.0,3,417,0.998,1.0
165,202,6,424,3,258,0.608,0.5,5,364,0.858,0.833,6,396,0.934,1.0,6,418,0.986,1.0,6,423,0.998,1.0,6,423,0.998,1.0,6,423,0.998,1.0
166,203,1,425,0,258,0.607,0.0,1,365,0.859,1.0,1,397,0.934,1.0,1,419,0.986,1.0,1,424,0.998,1.0,1,424,0.998,1.0,1,424,0.998,1.0
167,204,2,427,0,258,0.604,0.0,0,365,0.855,0.0,1,398,0.932,0.5,2,421,0.986,1.0,2,426,0.998,1.0,2,426,0.998,1.0,2,426,0.998,1.0
168,206,3,430,1,259,0.602,0.333,2,367,0.853,0.667,2,400,0.93,0.667,3,424,0.986,1.0,3,429,0.998,1.0,3,429,0.998,1.0,3,429,0.998,1.0
169,207,3,433,1,260,0.6,0.333,1,368,0.85,0.333,2,402,0.928,0.667,2,426,0.984,0.667,2,431,0.995,0.667,3,432,0.998,1.0,3,432,0.998,1.0
170,208,1,434,0,260,0.599,0.0,1,369,0.85,1.0,1,403,0.929,1.0,1,427,0.984,1.0,1,432,0.995,1.0,1,433,0.998,1.0,1,433,0.998,1.0
171,209,2,436,1,261,0.599,0.5,2,371,0.851,1.0,2,405,0.929,1.0,2,429,0.984,1.0,2,434,0.995,1.0,2,435,0.998,1.0,2,435,0.998,1.0
172,210,4,440,1,262,0.595,0.25,3,374,0.85,0.75,4,409,0.93,1.0,4,433,0.984,1.0,4,438,0.995,1.0,4,439,0.998,1.0,4,439,0.998,1.0
173,211,1,441,1,263,0.596,1.0,1,375,0.85,1.0,1,410,0.93,1.0,1,434,0.984,1.0,1,439,0.995,1.0,1,440,0.998,1.0,1,440,0.998,1.0
174,212,5,446,1,264,0.592,0.2,3,378,0.848,0.6,4,414,0.928,0.8,4,438,0.982,0.8,5,444,0.996,1.0,5,445,0.998,1.0,5,445,0.998,1.0
175,213,6,452,2,266,0.588,0.333,5,383,0.847,0.833,6,420,0.929,1.0,6,444,0.982,1.0,6,450,0.996,1.0,6,451,0.998,1.0,6,451,0.998,1.0
176,214,4,456,2,268,0.588,0.5,3,386,0.846,0.75,3,423,0.928,0.75,3,447,0.98,0.75,4,454,0.996,1.0,4,455,0.998,1.0,4,455,0.998,1.0
177,216,4,460,3,271,0.589,0.75,3,389,0.846,0.75,3,426,0.926,0.75,4,451,0.98,1.0,4,458,0.996,1.0,4,459,0.998,1.0,4,459,0.998,1.0
178,217,4,464,2,273,0.588,0.5,4,393,0.847,1.0,4,430,0.927,1.0,4,455,0.981,1.0,4,462,0.996,1.0,4,463,0.998,1.0,4,463,0.998,1.0
179,218,6,470,4,277,0.589,0.667,5,398,0.847,0.833,5,435,0.926,0.833,6,461,0.981,1.0,6,468,0.996,1.0,6,469,0.998,1.0,6,469,0.998,1.0
180,219,3,473,1,278,0.588,0.333,3,401,0.848,1.0,3,438,0.926,1.0,3,464,0.981,1.0,3,471,0.996,1.0,3,472,0.998,1.0,3,472,0.998,1.0
181,220,1,474,0,278,0.586,0.0,0,401,0.846,0.0,0,438,0.924,0.0,1,465,0.981,1.0,1,472,0.996,1.0,1,473,0.998,1.0,1,473,0.998,1.0
182,221,2,476,2,280,0.588,1.0,2,403,0.847,1.0,2,440,0.924,1.0,2,467,0.981,1.0,2,474,0.996,1.0,2,475,0.998,1.0,2,475,0.998,1.0
183,222,2,478,0,280,0.586,0.0,1,404,0.845,0.5,2,442,0.925,1.0,2,469,0.981,1.0,2,476,0.996,1.0,2,477,0.998,1.0,2,477,0.998,1.0
184,223,2,480,0,280,0.583,0.0,2,406,0.846,1.0,2,444,0.925,1.0,2,471,0.981,1.0,2,478,0.996,1.0,2,479,0.998,1.0,2,479,0.998,1.0
185,224,4,484,1,281,0.581,0.25,3,409,0.845,0.75,4,448,0.926,1.0,4,475,0.981,1.0,4,482,0.996,1.0,4,483,0.998,1.0,4,483,0.998,1.0
186,225,2,486,1,282,0.58,0.5,1,410,0.844,0.5,1,449,0.924,0.5,2,477,0.981,1.0,2,484,0.996,1.0,2,485,0.998,1.0,2,485,0.998,1.0
187,226,3,489,2,284,0.581,0.667,3,413,0.845,1.0,3,452,0.924,1.0,3,480,0.982,1.0,3,487,0.996,1.0,3,488,0.998,1.0,3,488,0.998,1.0
188,227,3,492,2,286,0.581,0.667,3,416,0.846,1.0,3,455,0.925,1.0,3,483,0.982,1.0,3,490,0.996,1.0,3,491,0.998,1.0,3,491,0.998,1.0
189,228,5,497,1,287,0.577,0.2,4,420,0.845,0.8,5,460,0.926,1.0,5,488,0.982,1.0,5,495,0.996,1.0,5,496,0.998,1.0,5,496,0.998,1.0
190,229,3,500,2,289,0.578,0.667,3,423,0.846,1.0,3,463,0.926,1.0,3,491,0.982,1.0,3,498,0.996,1.0,3,499,0.998,1.0,3,499,0.998,1.0
191,230,1,501,1,290,0.579,1.0,1,424,0.846,1.0,1,464,0.926,1.0,1,492,0.982,1.0,1,499,0.996,1.0,1,500,0.998,1.0,1,500,0.998,1.0
192,231,3,504,0,290,0.575,0.0,2,426,0.845,0.667,2,466,0.925,0.667,2,494,0.98,0.667,3,502,0.996,1.0,3,503,0.998,1.0,3,503,0.998,1.0
193,232,3,507,2,292,0.576,0.667,3,429,0.846,1.0,3,469,0.925,1.0,3,497,0.98,1.0,3,505,0.996,1.0,3,506,0.998,1.0,3,506,0.998,1.0
194,233,3,510,1,293,0.575,0.333,2,431,0.845,0.667,3,472,0.925,1.0,3,500,0.98,1.0,3,508,0.996,1.0,3,509,0.998,1.0,3,509,0.998,1.0
195,234,1,511,1,294,0.575,1.0,1,432,0.845,1.0,1,473,0.926,1.0,1,501,0.98,1.0,1,509,0.996,1.0,1,510,0.998,1.0,1,510,0.998,1.0
196,235,1,512,1,295,0.576,1.0,1,433,0.846,1.0,1,474,0.926,1.0,1,502,0.98,1.0,1,510,0.996,1.0,1,511,0.998,1.0,1,511,0.998,1.0
197,236,2,514,1,296,0.576,0.5,1,434,0.844,0.5,1,475,0.924,0.5,2,504,0.981,1.0,2,512,0.996,1.0,2,513,0.998,1.0,2,513,0.998,1.0
198,238,2,516,2,298,0.578,1.0,2,436,0.845,1.0,2,477,0.924,1.0,2,506,0.981,1.0,2,514,0.996,1.0,2,515,0.998,1.0,2,515,0.998,1.0
199,239,4,520,2,300,0.577,0.5,4,440,0.846,1.0,4,481,0.925,1.0,4,510,0.981,1.0,4,518,0.996,1.0,4,519,0.998,1.0,4,519,0.998,1.0
200,240,4,524,2,302,0.576,0.5,4,444,0.847,1.0,4,485,0.926,1.0,4,514,0.981,1.0,4,522,0.996,1.0,4,523,0.998,1.0,4,523,0.998,1.0
201,241,2,526,0,302,0.574,0.0,2,446,0.848,1.0,2,487,0.926,1.0,2,516,0.981,1.0,2,524,0.996,1.0,2,525,0.998,1.0,2,525,0.998,1.0
202,242,2,528,0,302,0.572,0.0,1,447,0.847,0.5,2,489,0.926,1.0,2,518,0.981,1.0,2,526,0.996,1.0,2,527,0.998,1.0,2,527,0.998,1.0
203,243,3,531,1,303,0.571,0.333,2,449,0.846,0.667,3,492,0.927,1.0,3,521,0.981,1.0,3,529,0.996,1.0,3,530,0.998,1.0,3,530,0.998,1.0
204,245,2,533,2,305,0.572,1.0,2,451,0.846,1.0,2,494,0.927,1.0,2,523,0.981,1.0,2,531,0.996,1.0,2,532,0.998,1.0,2,532,0.998,1.0
205,246,1,534,1,306,0.573,1.0,1,452,0.846,1.0,1,495,0.927,1.0,1,524,0.981,1.0,1,532,0.996,1.0,1,533,0.998,1.0,1,533,0.998,1.0
206,247,1,535,0,306,0.572,0.0,1,453,0.847,1.0,1,496,0.927,1.0,1,525,0.981,1.0,1,533,0.996,1.0,1,534,0.998,1.0,1,534,0.998,1.0
207,248,3,538,1,307,0.571,0.333,2,455,0.846,0.667,2,498,0.926,0.667,3,528,0.981,1.0,3,536,0.996,1.0,3,537,0.998,1.0,3,537,0.998,1.0
208,249,1,539,0,307,0.57,0.0,0,455,0.844,0.0,0,498,0.924,0.0,0,528,0.98,0.0,1,537,0.996,1.0,1,538,0.998,1.0,1,538,0.998,1.0
209,250,3,542,3,310,0.572,1.0,3,458,0.845,1.0,3,501,0.924,1.0,3,531,0.98,1.0,3,540,0.996,1.0,3,541,0.998,1.0,3,541,0.998,1.0
210,251,2,544,1,311,0.572,0.5,1,459,0.844,0.5,2,503,0.925,1.0,2,533,0.98,1.0,2,542,0.996,1.0,2,543,0.998,1.0,2,543,0.998,1.0
211,252,2,546,1,312,0.571,0.5,2,461,0.844,1.0,2,505,0.925,1.0,2,535,0.98,1.0,2,544,0.996,1.0,2,545,0.998,1.0,2,545,0.998,1.0
212,253,5,551,1,313,0.568,0.2,2,463,0.84,0.4,3,508,0.922,0.6,5,540,0.98,1.0,5,549,0.996,1.0,5,550,0.998,1.0,5,550,0.998,1.0
213,254,2,553,0,313,0.566,0.0,1,464,0.839,0.5,2,510,0.922,1.0,2,542,0.98,1.0,2,551,0.996,1.0,2,552,0.998,1.0,2,552,0.998,1.0
214,255,3,556,1,314,0.565,0.333,2,466,0.838,0.667,2,512,0.921,0.667,3,545,0.98,1.0,3,554,0.996,1.0,3,555,0.998,1.0,3,555,0.998,1.0
215,256,2,558,1,315,0.565,0.5,2,468,0.839,1.0,2,514,0.921,1.0,2,547,0.98,1.0,2,556,0.996,1.0,2,557,0.998,1.0,2,557,0.998,1.0
216,257,2,560,1,316,0.564,0.5,2,470,0.839,1.0,2,516,0.921,1.0,2,549,0.98,1.0,2,558,0.996,1.0,2,559,0.998,1.0,2,559,0.998,1.0
217,258,4,564,1,317,0.562,0.25,2,472,0.837,0.5,3,519,0.92,0.75,3,552,0.979,0.75,4,562,0.996,1.0,4,563,0.998,1.0,4,563,0.998,1.0
218,260,4,568,1,318,0.56,0.25,3,475,0.836,0.75,4,523,0.921,1.0,4,556,0.979,1.0,4,566,0.996,1.0,4,567,0.998,1.0,4,567,0.998,1.0
219,261,4,572,3,321,0.561,0.75,4,479,0.837,1.0,4,527,0.921,1.0,4,560,0.979,1.0,4,570,0.997,1.0,4,571,0.998,1.0,4,571,0.998,1.0
220,262,2,574,1,322,0.561,0.5,2,481,0.838,1.0,2,529,0.922,1.0,2,562,0.979,1.0,2,572,0.997,1.0,2,573,0.998,1.0,2,573,0.998,1.0
221,264,4,578,0,322,0.557,0.0,0,481,0.832,0.0,0,529,0.915,0.0,3,565,0.978,0.75,4,576,0.997,1.0,4,577,0.998,1.0,4,577,0.998,1.0
222,266,1,579,0,322,0.556,0.0,1,482,0.832,1.0,1,530,0.915,1.0,1,566,0.978,1.0,1,577,0.997,1.0,1,578,0.998,1.0,1,578,0.998,1.0
223,267,5,584,1,323,0.553,0.2,2,484,0.829,0.4,3,533,0.913,0.6,4,570,0.976,0.8,5,582,0.997,1.0,5,583,0.998,1.0,5,583,0.998,1.0
224,268,2,586,2,325,0.555,1.0,2,486,0.829,1.0,2,535,0.913,1.0,2,572,0.976,1.0,2,584,0.997,1.0,2,585,0.998,1.0,2,585,0.998,1.0
225,269,3,589,1,326,0.553,0.333,2,488,0.829,0.667,2,537,0.912,0.667,3,575,0.976,1.0,3,587,0.997,1.0,3,588,0.998,1.0,3,588,0.998,1.0
226,270,1,590,1,327,0.554,1.0,1,489,0.829,1.0,1,538,0.912,1.0,1,576,0.976,1.0,1,588,0.997,1.0,1,589,0.998,1.0,1,589,0.998,1.0
227,271,2,592,1,328,0.554,0.5,1,490,0.828,0.5,2,540,0.912,1.0,2,578,0.976,1.0,2,590,0.997,1.0,2,591,0.998,1.0,2,591,0.998,1.0
228,272,3,595,1,329,0.553,0.333,2,492,0.827,0.667,3,543,0.913,1.0,3,581,0.976,1.0,3,593,0.997,1.0,3,594,0.998,1.0,3,594,0.998,1.0
229,273,1,596,0,329,0.552,0.0,1,493,0.827,1.0,1,544,0.913,1.0,1,582,0.977,1.0,1,594,0.997,1.0,1,595,0.998,1.0,1,595,0.998,1.0
230,274,2,598,0,329,0.55,0.0,0,493,0.824,0.0,1,545,0.911,0.5,1,583,0.975,0.5,1,595,0.995,0.5,2,597,0.998,1.0,2,597,0.998,1.0
231,275,3,601,0,329,0.547,0.0,2,495,0.824,0.667,3,548,0.912,1.0,3,586,0.975,1.0,3,598,0.995,1.0,3,600,0.998,1.0,3,600,0.998,1.0
232,276,2,603,1,330,0.547,0.5,1,496,0.823,0.5,2,550,0.912,1.0,2,588,0.975,1.0,2,600,0.995,1.0,2,602,0.998,1.0,2,602,0.998,1.0
233,277,5,608,1,331,0.544,0.2,3,499,0.821,0.6,3,553,0.91,0.6,5,593,0.975,1.0,5,605,0.995,1.0,5,607,0.998,1.0,5,607,0.998,1.0
234,279,1,609,1,332,0.545,1.0,1,500,0.821,1.0,1,554,0.91,1.0,1,594,0.975,1.0,1,606,0.995,1.0,1,608,0.998,1.0,1,608,0.998,1.0
235,280,1,610,0,332,0.544,0.0,0,500,0.82,0.0,0,554,0.908,0.0,1,595,0.975,1.0,1,607,0.995,1.0,1,609,0.998,1.0,1,609,0.998,1.0
236,281,1,611,1,333,0.545,1.0,1,501,0.82,1.0,1,555,0.908,1.0,1,596,0.975,1.0,1,608,0.995,1.0,1,610,0.998,1.0,1,610,0.998,1.0
237,282,5,616,4,337,0.547,0.8,4,505,0.82,0.8,5,560,0.909,1.0,5,601,0.976,1.0,5,613,0.995,1.0,5,615,0.998,1.0,5,615,0.998,1.0
238,283,4,620,1,338,0.545,0.25,1,506,0.816,0.25,3,563,0.908,0.75,3,604,0.974,0.75,4,617,0.995,1.0,4,619,0.998,1.0,4,619,0.998,1.0
239,284,1,621,1,339,0.546,1.0,1,507,0.816,1.0,1,564,0.908,1.0,1,605,0.974,1.0,1,618,0.995,1.0,1,620,0.998,1.0,1,620,0.998,1.0
240,285,5,626,2,341,0.545,0.4,3,510,0.815,0.6,3,567,0.906,0.6,5,610,0.974,1.0,5,623,0.995,1.0,5,625,0.998,1.0,5,625,0.998,1.0
241,286,1,627,0,341,0.544,0.0,0,510,0.813,0.0,0,567,0.904,0.0,1,611,0.974,1.0,1,624,0.995,1.0,1,626,0.998,1.0,1,626,0.998,1.0
242,287,3,630,0,341,0.541,0.0,2,512,0.813,0.667,2,569,0.903,0.667,3,614,0.975,1.0,3,627,0.995,1.0,3,629,0.998,1.0,3,629,0.998,1.0
243,288,4,634,3,344,0.543,0.75,3,515,0.812,0.75,3,572,0.902,0.75,4,618,0.975,1.0,4,631,0.995,1.0,4,633,0.998,1.0,4,633,0.998,1.0
244,289,1,635,0,344,0.542,0.0,1,516,0.813,1.0,1,573,0.902,1.0,1,619,0.975,1.0,1,632,0.995,1.0,1,634,0.998,1.0,1,634,0.998,1.0
245,290,4,639,1,345,0.54,0.25,3,519,0.812,0.75,3,576,0.901,0.75,4,623,0.975,1.0,4,636,0.995,1.0,4,638,0.998,1.0,4,638,0.998,1.0
246,291,4,643,2,347,0.54,0.5,4,523,0.813,1.0,4,580,0.902,1.0,4,627,0.975,1.0,4,640,0.995,1.0,4,642,0.998,1.0,4,642,0.998,1.0
247,293,2,645,0,347,0.538,0.0,2,525,0.814,1.0,2,582,0.902,1.0,2,629,0.975,1.0,2,642,0.995,1.0,2,644,0.998,1.0,2,644,0.998,1.0
248,294,1,646,0,347,0.537,0.0,0,525,0.813,0.0,0,582,0.901,0.0,1,630,0.975,1.0,1,643,0.995,1.0,1,645,0.998,1.0,1,645,0.998,1.0
249,295,1,647,1,348,0.538,1.0,1,526,0.813,1.0,1,583,0.901,1.0,1,631,0.975,1.0,1,644,0.995,1.0,1,646,0.998,1.0,1,646,0.998,1.0
250,296,1,648,1,349,0.539,1.0,1,527,0.813,1.0,1,584,0.901,1.0,1,632,0.975,1.0,1,645,0.995,1.0,1,647,0.998,1.0,1,647,0.998,1.0
251,297,7,655,0,349,0.533,0.0,1,528,0.806,0.143,3,587,0.896,0.429,6,638,0.974,0.857,6,651,0.994,0.857,6,653,0.997,0.857,7,654,0.998,1.0
252,298,1,656,1,350,0.534,1.0,1,529,0.806,1.0,1,588,0.896,1.0,1,639,0.974,1.0,1,652,0.994,1.0,1,654,0.997,1.0,1,655,0.998,1.0
253,299,3,659,2,352,0.534,0.667,2,531,0.806,0.667,2,590,0.895,0.667,2,641,0.973,0.667,3,655,0.994,1.0,3,657,0.997,1.0,3,658,0.998,1.0
254,300,3,662,1,353,0.533,0.333,3,534,0.807,1.0,3,593,0.896,1.0,3,644,0.973,1.0,3,658,0.994,1.0,3,660,0.997,1.0,3,661,0.998,1.0
255,301,3,665,1,354,0.532,0.333,1,535,0.805,0.333,2,595,0.895,0.667,3,647,0.973,1.0,3,661,0.994,1.0,3,663,0.997,1.0,3,664,0.998,1.0
256,302,4,669,3,357,0.534,0.75,3,538,0.804,0.75,4,599,0.895,1.0,4,651,0.973,1.0,4,665,0.994,1.0,4,667,0.997,1.0,4,668,0.999,1.0
257,304,4,673,0,357,0.53,0.0,1,539,0.801,0.25,1,600,0.892,0.25,3,654,0.972,0.75,4,669,0.994,1.0,4,671,0.997,1.0,4,672,0.999,1.0
258,305,2,675,1,358,0.53,0.5,2,541,0.801,1.0,2,602,0.892,1.0,2,656,0.972,1.0,2,671,0.994,1.0,2,673,0.997,1.0,2,674,0.999,1.0
259,306,2,677,1,359,0.53,0.5,2,543,0.802,1.0,2,604,0.892,1.0,2,658,0.972,1.0,2,673,0.994,1.0,2,675,0.997,1.0,2,676,0.999,1.0
260,307,1,678,0,359,0.529,0.0,1,544,0.802,1.0,1,605,0.892,1.0,1,659,0.972,1.0,1,674,0.994,1.0,1,676,0.997,1.0,1,677,0.999,1.0
261,308,1,679,0,359,0.529,0.0,0,544,0.801,0.0,1,606,0.892,1.0,1,660,0.972,1.0,1,675,0.994,1.0,1,677,0.997,1.0,1,678,0.999,1.0
262,309,2,681,1,360,0.529,0.5,1,545,0.8,0.5,1,607,0.891,0.5,2,662,0.972,1.0,2,677,0.994,1.0,2,679,0.997,1.0,2,680,0.999,1.0
263,310,5,686,1,361,0.526,0.2,4,549,0.8,0.8,4,611,0.891,0.8,4,666,0.971,0.8,5,682,0.994,1.0,5,684,0.997,1.0,5,685,0.999,1.0
264,312,1,687,1,362,0.527,1.0,1,550,0.801,1.0,1,612,0.891,1.0,1,667,0.971,1.0,1,683,0.994,1.0,1,685,0.997,1.0,1,686,0.999,1.0
265,313,3,690,1,363,0.526,0.333,1,551,0.799,0.333,3,615,0.891,1.0,3,670,0.971,1.0,3,686,0.994,1.0,3,688,0.997,1.0,3,689,0.999,1.0
266,314,3,693,0,363,0.524,0.0,1,552,0.797,0.333,1,616,0.889,0.333,2,672,0.97,0.667,3,689,0.994,1.0,3,691,0.997,1.0,3,692,0.999,1.0
267,315,1,694,0,363,0.523,0.0,1,553,0.797,1.0,1,617,0.889,1.0,1,673,0.97,1.0,1,690,0.994,1.0,1,692,0.997,1.0,1,693,0.999,1.0
268,316,1,695,0,363,0.522,0.0,0,553,0.796,0.0,1,618,0.889,1.0,1,674,0.97,1.0,1,691,0.994,1.0,1,693,0.997,1.0,1,694,0.999,1.0
269,317,2,697,1,364,0.522,0.5,1,554,0.795,0.5,1,619,0.888,0.5,1,675,0.968,0.5,2,693,0.994,1.0,2,695,0.997,1.0,2,696,0.999,1.0
270,318,3,700,0,364,0.52,0.0,2,556,0.794,0.667,2,621,0.887,0.667,3,678,0.969,1.0,3,696,0.994,1.0,3,698,0.997,1.0,3,699,0.999,1.0
271,319,2,702,1,365,0.52,0.5,2,558,0.795,1.0,2,623,0.887,1.0,2,680,0.969,1.0,2,698,0.994,1.0,2,700,0.997,1.0,2,701,0.999,1.0
272,320,2,704,1,366,0.52,0.5,2,560,0.795,1.0,2,625,0.888,1.0,2,682,0.969,1.0,2,700,0.994,1.0,2,702,0.997,1.0,2,703,0.999,1.0
273,322,1,705,0,366,0.519,0.0,1,561,0.796,1.0,1,626,0.888,1.0,1,683,0.969,1.0,1,701,0.994,1.0,1,703,0.997,1.0,1,704,0.999,1.0
274,323,2,707,1,367,0.519,0.5,2,563,0.796,1.0,2,628,0.888,1.0,2,685,0.969,1.0,2,703,0.994,1.0,2,705,0.997,1.0,2,706,0.999,1.0
275,326,1,708,0,367,0.518,0.0,1,564,0.797,1.0,1,629,0.888,1.0,1,686,0.969,1.0,1,704,0.994,1.0,1,706,0.997,1.0,1,707,0.999,1.0
276,327,3,711,0,367,0.516,0.0,1,565,0.795,0.333,1,630,0.886,0.333,3,689,0.969,1.0,3,707,0.994,1.0,3,709,0.997,1.0,3,710,0.999,1.0
277,328,5,716,1,368,0.514,0.2,2,567,0.792,0.4,2,632,0.883,0.4,5,694,0.969,1.0,5,712,0.994,1.0,5,714,0.997,1.0,5,715,0.999,1.0
278,329,3,719,2,370,0.515,0.667,2,569,0.791,0.667,2,634,0.882,0.667,2,696,0.968,0.667,2,714,0.993,0.667,3,717,0.997,1.0,3,718,0.999,1.0
279,331,1,720,1,371,0.515,1.0,1,570,0.792,1.0,1,635,0.882,1.0,1,697,0.968,1.0,1,715,0.993,1.0,1,718,0.997,1.0,1,719,0.999,1.0
280,332,1,721,1,372,0.516,1.0,1,571,0.792,1.0,1,636,0.882,1.0,1,698,0.968,1.0,1,716,0.993,1.0,1,719,0.997,1.0,1,720,0.999,1.0
281,333,3,724,1,373,0.515,0.333,3,574,0.793,1.0,3,639,0.883,1.0,3,701,0.968,1.0,3,719,0.993,1.0,3,722,0.997,1.0,3,723,0.999,1.0
282,334,1,725,1,374,0.516,1.0,1,575,0.793,1.0,1,640,0.883,1.0,1,702,0.968,1.0,1,720,0.993,1.0,1,723,0.997,1.0,1,724,0.999,1.0
283,335,1,726,1,375,0.517,1.0,1,576,0.793,1.0,1,641,0.883,1.0,1,703,0.968,1.0,1,721,0.993,1.0,1,724,0.997,1.0,1,725,0.999,1.0
284,336,1,727,0,375,0.516,0.0,0,576,0.792,0.0,0,641,0.882,0.0,1,704,0.968,1.0,1,722,0.993,1.0,1,725,0.997,1.0,1,726,0.999,1.0
285,338,1,728,0,375,0.515,0.0,0,576,0.791,0.0,0,641,0.88,0.0,1,705,0.968,1.0,1,723,0.993,1.0,1,726,0.997,1.0,1,727,0.999,1.0
286,340,2,730,0,375,0.514,0.0,0,576,0.789,0.0,1,642,0.879,0.5,2,707,0.968,1.0,2,725,0.993,1.0,2,728,0.997,1.0,2,729,0.999,1.0
287,341,1,731,0,375,0.513,0.0,0,576,0.788,0.0,0,642,0.878,0.0,1,708,0.969,1.0,1,726,0.993,1.0,1,729,0.997,1.0,1,730,0.999,1.0
288,342,2,733,2,377,0.514,1.0,2,578,0.789,1.0,2,644,0.879,1.0,2,710,0.969,1.0,2,728,0.993,1.0,2,731,0.997,1.0,2,732,0.999,1.0
289,343,4,737,1,378,0.513,0.25,2,580,0.787,0.5,2,646,0.877,0.5,3,713,0.967,0.75,4,732,0.993,1.0,4,735,0.997,1.0,4,736,0.999,1.0
290,344,1,738,0,378,0.512,0.0,0,580,0.786,0.0,0,646,0.875,0.0,0,713,0.966,0.0,1,733,0.993,1.0,1,736,0.997,1.0,1,737,0.999,1.0
291,345,2,740,0,378,0.511,0.0,1,581,0.785,0.5,2,648,0.876,1.0,2,715,0.966,1.0,2,735,0.993,1.0,2,738,0.997,1.0,2,739,0.999,1.0
292,346,2,742,0,378,0.509,0.0,1,582,0.784,0.5,2,650,0.876,1.0,2,717,0.966,1.0,2,737,0.993,1.0,2,740,0.997,1.0,2,741,0.999,1.0
293,347,2,744,0,378,0.508,0.0,0,582,0.782,0.0,1,651,0.875,0.5,2,719,0.966,1.0,2,739,0.993,1.0,2,742,0.997,1.0,2,743,0.999,1.0
294,348,2,746,1,379,0.508,0.5,1,583,0.782,0.5,1,652,0.874,0.5,1,720,0.965,0.5,2,741,0.993,1.0,2,744,0.997,1.0,2,745,0.999,1.0
295,349,3,749,1,380,0.507,0.333,1,584,0.78,0.333,2,654,0.873,0.667,3,723,0.965,1.0,3,744,0.993,1.0,3,747,0.997,1.0,3,748,0.999,1.0
296,350,3,752,2,382,0.508,0.667,2,586,0.779,0.667,2,656,0.872,0.667,3,726,0.965,1.0,3,747,0.993,1.0,3,750,0.997,1.0,3,751,0.999,1.0
297,351,2,754,0,382,0.507,0.0,0,586,0.777,0.0,1,657,0.871,0.5,2,728,0.966,1.0,2,749,0.993,1.0,2,752,0.997,1.0,2,753,0.999,1.0
298,352,3,757,1,383,0.506,0.333,2,588,0.777,0.667,3,660,0.872,1.0,3,731,0.966,1.0,3,752,0.993,1.0,3,755,0.997,1.0,3,756,0.999,1.0
299,353,4,761,0,383,0.503,0.0,4,592,0.778,1.0,4,664,0.873,1.0,4,735,0.966,1.0,4,756,0.993,1.0,4,759,0.997,1.0,4,760,0.999,1.0
300,354,4,765,0,383,0.501,0.0,1,593,0.775,0.25,1,665,0.869,0.25,2,737,0.963,0.5,3,759,0.992,0.75,4,763,0.997,1.0,4,764,0.999,1.0
301,355,1,766,0,383,0.5,0.0,0,593,0.774,0.0,1,666,0.869,1.0,1,738,0.963,1.0,1,760,0.992,1.0,1,764,0.997,1.0,1,765,0.999,1.0
302,356,4,770,2,385,0.5,0.5,3,596,0.774,0.75,3,669,0.869,0.75,4,742,0.964,1.0,4,764,0.992,1.0,4,768,0.997,1.0,4,769,0.999,1.0
303,357,2,772,0,385,0.499,0.0,1,597,0.773,0.5,2,671,0.869,1.0,2,744,0.964,1.0,2,766,0.992,1.0,2,770,0.997,1.0,2,771,0.999,1.0
304,358,3,775,1,386,0.498,0.333,2,599,0.773,0.667,3,674,0.87,1.0,3,747,0.964,1.0,3,769,0.992,1.0,3,773,0.997,1.0,3,774,0.999,1.0
305,359,4,779,2,388,0.498,0.5,3,602,0.773,0.75,3,677,0.869,0.75,3,750,0.963,0.75,4,773,0.992,1.0,4,777,0.997,1.0,4,778,0.999,1.0
306,360,2,781,1,389,0.498,0.5,1,603,0.772,0.5,1,678,0.868,0.5,2,752,0.963,1.0,2,775,0.992,1.0,2,779,0.997,1.0,2,780,0.999,1.0
307,361,5,786,0,389,0.495,0.0,3,606,0.771,0.6,5,683,0.869,1.0,5,757,0.963,1.0,5,780,0.992,1.0,5,784,0.997,1.0,5,785,0.999,1.0
308,365,1,787,0,389,0.494,0.0,0,606,0.77,0.0,0,683,0.868,0.0,0,757,0.962,0.0,1,781,0.992,1.0,1,785,0.997,1.0,1,786,0.999,1.0
309,366,2,789,1,390,0.494,0.5,2,608,0.771,1.0,2,685,0.868,1.0,2,759,0.962,1.0,2,783,0.992,1.0,2,787,0.997,1.0,2,788,0.999,1.0
310,368,2,791,1,391,0.494,0.5,2,610,0.771,1.0,2,687,0.869,1.0,2,761,0.962,1.0,2,785,0.992,1.0,2,789,0.997,1.0,2,790,0.999,1.0
311,369,3,794,1,392,0.494,0.333,1,611,0.77,0.333,1,688,0.866,0.333,2,763,0.961,0.667,3,788,0.992,1.0,3,792,0.997,1.0,3,793,0.999,1.0
312,370,2,796,0,392,0.492,0.0,2,613,0.77,1.0,2,690,0.867,1.0,2,765,0.961,1.0,2,790,0.992,1.0,2,794,0.997,1.0,2,795,0.999,1.0
313,371,1,797,1,393,0.493,1.0,1,614,0.77,1.0,1,691,0.867,1.0,1,766,0.961,1.0,1,791,0.992,1.0,1,795,0.997,1.0,1,796,0.999,1.0
314,372,2,799,0,393,0.492,0.0,2,616,0.771,1.0,2,693,0.867,1.0,2,768,0.961,1.0,2,793,0.992,1.0,2,797,0.997,1.0,2,798,0.999,1.0
315,373,1,800,0,393,0.491,0.0,0,616,0.77,0.0,0,693,0.866,0.0,1,769,0.961,1.0,1,794,0.992,1.0,1,798,0.998,1.0,1,799,0.999,1.0
316,374,1,801,0,393,0.491,0.0,0,616,0.769,0.0,1,694,0.866,1.0,1,770,0.961,1.0,1,795,0.993,1.0,1,799,0.998,1.0,1,800,0.999,1.0
317,375,1,802,0,393,0.49,0.0,0,616,0.768,0.0,0,694,0.865,0.0,1,771,0.961,1.0,1,796,0.993,1.0,1,800,0.998,1.0,1,801,0.999,1.0
318,376,4,806,2,395,0.49,0.5,3,619,0.768,0.75,4,698,0.866,1.0,4,775,0.962,1.0,4,800,0.993,1.0,4,804,0.998,1.0,4,805,0.999,1.0
319,377,2,808,0,395,0.489,0.0,1,620,0.767,0.5,1,699,0.865,0.5,2,777,0.962,1.0,2,802,0.993,1.0,2,806,0.998,1.0,2,807,0.999,1.0
320,378,2,810,1,396,0.489,0.5,1,621,0.767,0.5,1,700,0.864,0.5,1,778,0.96,0.5,1,803,0.991,0.5,2,808,0.998,1.0,2,809,0.999,1.0
321,379,2,812,0,396,0.488,0.0,0,621,0.765,0.0,1,701,0.863,0.5,2,780,0.961,1.0,2,805,0.991,1.0,2,810,0.998,1.0,2,811,0.999,1.0
322,380,2,814,1,397,0.488,0.5,2,623,0.765,1.0,2,703,0.864,1.0,2,782,0.961,1.0,2,807,0.991,1.0,2,812,0.998,1.0,2,813,0.999,1.0
323,381,2,816,0,397,0.487,0.0,2,625,0.766,1.0,2,705,0.864,1.0,2,784,0.961,1.0,2,809,0.991,1.0,2,814,0.998,1.0,2,815,0.999,1.0
324,383,1,817,1,398,0.487,1.0,1,626,0.766,1.0,1,706,0.864,1.0,1,785,0.961,1.0,1,810,0.991,1.0,1,815,0.998,1.0,1,816,0.999,1.0
325,384,5,822,0,398,0.484,0.0,3,629,0.765,0.6,4,710,0.864,0.8,4,789,0.96,0.8,5,815,0.991,1.0,5,820,0.998,1.0,5,821,0.999,1.0
326,385,2,824,0,398,0.483,0.0,1,630,0.765,0.5,1,711,0.863,0.5,2,791,0.96,1.0,2,817,0.992,1.0,2,822,0.998,1.0,2,823,0.999,1.0
327,387,2,826,0,398,0.482,0.0,1,631,0.764,0.5,2,713,0.863,1.0,2,793,0.96,1.0,2,819,0.992,1.0,2,824,0.998,1.0,2,825,0.999,1.0
328,390,3,829,0,398,0.48,0.0,2,633,0.764,0.667,2,715,0.862,0.667,2,795,0.959,0.667,3,822,0.992,1.0,3,827,0.998,1.0,3,828,0.999,1.0
329,391,4,833,2,400,0.48,0.5,3,636,0.764,0.75,3,718,0.862,0.75,3,798,0.958,0.75,4,826,0.992,1.0,4,831,0.998,1.0,4,832,0.999,1.0
330,392,2,835,1,401,0.48,0.5,1,637,0.763,0.5,1,719,0.861,0.5,1,799,0.957,0.5,2,828,0.992,1.0,2,833,0.998,1.0,2,834,0.999,1.0
331,393,3,838,1,402,0.48,0.333,2,639,0.763,0.667,2,721,0.86,0.667,3,802,0.957,1.0,3,831,0.992,1.0,3,836,0.998,1.0,3,837,0.999,1.0
332,394,1,839,0,402,0.479,0.0,1,640,0.763,1.0,1,722,0.861,1.0,1,803,0.957,1.0,1,832,0.992,1.0,1,837,0.998,1.0,1,838,0.999,1.0
333,396,1,840,0,402,0.479,0.0,1,641,0.763,1.0,1,723,0.861,1.0,1,804,0.957,1.0,1,833,0.992,1.0,1,838,0.998,1.0,1,839,0.999,1.0
334,398,1,841,1,403,0.479,1.0,1,642,0.763,1.0,1,724,0.861,1.0,1,805,0.957,1.0,1,834,0.992,1.0,1,839,0.998,1.0,1,840,0.999,1.0
335,399,2,843,0,403,0.478,0.0,2,644,0.764,1.0,2,726,0.861,1.0,2,807,0.957,1.0,2,836,0.992,1.0,2,841,0.998,1.0,2,842,0.999,1.0
336,400,3,846,0,403,0.476,0.0,2,646,0.764,0.667,3,729,0.862,1.0,3,810,0.957,1.0,3,839,0.992,1.0,3,844,0.998,1.0,3,845,0.999,1.0
337,401,2,848,0,403,0.475,0.0,2,648,0.764,1.0,2,731,0.862,1.0,2,812,0.958,1.0,2,841,0.992,1.0,2,846,0.998,1.0,2,847,0.999,1.0
338,402,4,852,1,404,0.474,0.25,3,651,0.764,0.75,4,735,0.863,1.0,4,816,0.958,1.0,4,845,0.992,1.0,4,850,0.998,1.0,4,851,0.999,1.0
339,403,3,855,0,404,0.473,0.0,2,653,0.764,0.667,3,738,0.863,1.0,3,819,0.958,1.0,3,848,0.992,1.0,3,853,0.998,1.0,3,854,0.999,1.0
340,405,1,856,0,404,0.472,0.0,0,653,0.763,0.0,0,738,0.862,0.0,0,819,0.957,0.0,0,848,0.991,0.0,1,854,0.998,1.0,1,855,0.999,1.0
341,406,3,859,1,405,0.471,0.333,2,655,0.763,0.667,2,740,0.861,0.667,3,822,0.957,1.0,3,851,0.991,1.0,3,857,0.998,1.0,3,858,0.999,1.0
342,407,3,862,0,405,0.47,0.0,2,657,0.762,0.667,3,743,0.862,1.0,3,825,0.957,1.0,3,854,0.991,1.0,3,860,0.998,1.0,3,861,0.999,1.0
343,408,4,866,2,407,0.47,0.5,4,661,0.763,1.0,4,747,0.863,1.0,4,829,0.957,1.0,4,858,0.991,1.0,4,864,0.998,1.0,4,865,0.999,1.0
344,409,3,869,2,409,0.471,0.667,2,663,0.763,0.667,3,750,0.863,1.0,3,832,0.957,1.0,3,861,0.991,1.0,3,867,0.998,1.0,3,868,0.999,1.0
345,410,1,870,1,410,0.471,1.0,1,664,0.763,1.0,1,751,0.863,1.0,1,833,0.957,1.0,1,862,0.991,1.0,1,868,0.998,1.0,1,869,0.999,1.0
346,412,4,874,1,411,0.47,0.25,2,666,0.762,0.5,4,755,0.864,1.0,4,837,0.958,1.0,4,866,0.991,1.0,4,872,0.998,1.0,4,873,0.999,1.0
347,413,1,875,1,412,0.471,1.0,1,667,0.762,1.0,1,756,0.864,1.0,1,838,0.958,1.0,1,867,0.991,1.0,1,873,0.998,1.0,1,874,0.999,1.0
348,414,3,878,1,413,0.47,0.333,2,669,0.762,0.667,3,759,0.864,1.0,3,841,0.958,1.0,3,870,0.991,1.0,3,876,0.998,1.0,3,877,0.999,1.0
349,415,1,879,1,414,0.471,1.0,1,670,0.762,1.0,1,760,0.865,1.0,1,842,0.958,1.0,1,871,0.991,1.0,1,877,0.998,1.0,1,878,0.999,1.0
350,416,2,881,1,415,0.471,0.5,1,671,0.762,0.5,1,761,0.864,0.5,2,844,0.958,1.0,2,873,0.991,1.0,2,879,0.998,1.0,2,880,0.999,1.0
351,417,4,885,0,415,0.469,0.0,2,673,0.76,0.5,3,764,0.863,0.75,3,847,0.957,0.75,4,877,0.991,1.0,4,883,0.998,1.0,4,884,0.999,1.0
352,418,1,886,1,416,0.47,1.0,1,674,0.761,1.0,1,765,0.863,1.0,1,848,0.957,1.0,1,878,0.991,1.0,1,884,0.998,1.0,1,885,0.999,1.0
353,419,2,888,0,416,0.468,0.0,0,674,0.759,0.0,0,765,0.861,0.0,0,848,0.955,0.0,2,880,0.991,1.0,2,886,0.998,1.0,2,887,0.999,1.0
354,421,3,891,1,417,0.468,0.333,2,676,0.759,0.667,3,768,0.862,1.0,3,851,0.955,1.0,3,883,0.991,1.0,3,889,0.998,1.0,3,890,0.999,1.0
355,423,1,892,0,417,0.467,0.0,0,676,0.758,0.0,0,768,0.861,0.0,1,852,0.955,1.0,1,884,0.991,1.0,1,890,0.998,1.0,1,891,0.999,1.0
356,424,1,893,1,418,0.468,1.0,1,677,0.758,1.0,1,769,0.861,1.0,1,853,0.955,1.0,1,885,0.991,1.0,1,891,0.998,1.0,1,892,0.999,1.0
357,425,4,897,1,419,0.467,0.25,2,679,0.757,0.5,2,771,0.86,0.5,4,857,0.955,1.0,4,889,0.991,1.0,4,895,0.998,1.0,4,896,0.999,1.0
358,427,1,898,0,419,0.467,0.0,0,679,0.756,0.0,0,771,0.859,0.0,1,858,0.955,1.0,1,890,0.991,1.0,1,896,0.998,1.0,1,897,0.999,1.0
359,428,1,899,0,419,0.466,0.0,0,679,0.755,0.0,0,771,0.858,0.0,0,858,0.954,0.0,1,891,0.991,1.0,1,897,0.998,1.0,1,898,0.999,1.0
360,430,2,901,0,419,0.465,0.0,0,679,0.754,0.0,1,772,0.857,0.5,2,860,0.954,1.0,2,893,0.991,1.0,2,899,0.998,1.0,2,900,0.999,1.0
361,432,2,903,2,421,0.466,1.0,2,681,0.754,1.0,2,774,0.857,1.0,2,862,0.955,1.0,2,895,0.991,1.0,2,901,0.998,1.0,2,902,0.999,1.0
362,433,2,905,0,421,0.465,0.0,2,683,0.755,1.0,2,776,0.857,1.0,2,864,0.955,1.0,2,897,0.991,1.0,2,903,0.998,1.0,2,904,0.999,1.0
363,434,1,906,0,421,0.465,0.0,0,683,0.754,0.0,0,776,0.857,0.0,0,864,0.954,0.0,1,898,0.991,1.0,1,904,0.998,1.0,1,905,0.999,1.0
364,435,3,909,0,421,0.463,0.0,0,683,0.751,0.0,0,776,0.854,0.0,2,866,0.953,0.667,3,901,0.991,1.0,3,907,0.998,1.0,3,908,0.999,1.0
365,436,4,913,1,422,0.462,0.25,2,685,0.75,0.5,3,779,0.853,0.75,4,870,0.953,1.0,4,905,0.991,1.0,4,911,0.998,1.0,4,912,0.999,1.0
366,437,4,917,0,422,0.46,0.0,1,686,0.748,0.25,2,781,0.852,0.5,3,873,0.952,0.75,4,909,0.991,1.0,4,915,0.998,1.0,4,916,0.999,1.0
367,438,2,919,0,422,0.459,0.0,2,688,0.749,1.0,2,783,0.852,1.0,2,875,0.952,1.0,2,911,0.991,1.0,2,917,0.998,1.0,2,918,0.999,1.0
368,439,1,920,0,422,0.459,0.0,1,689,0.749,1.0,1,784,0.852,1.0,1,876,0.952,1.0,1,912,0.991,1.0,1,918,0.998,1.0,1,919,0.999,1.0
369,440,3,923,0,422,0.457,0.0,1,690,0.748,0.333,1,785,0.85,0.333,1,877,0.95,0.333,3,915,0.991,1.0,3,921,0.998,1.0,3,922,0.999,1.0
370,441,1,924,0,422,0.457,0.0,0,690,0.747,0.0,0,785,0.85,0.0,1,878,0.95,1.0,1,916,0.991,1.0,1,922,0.998,1.0,1,923,0.999,1.0
371,442,1,925,0,422,0.456,0.0,0,690,0.746,0.0,0,785,0.849,0.0,0,878,0.949,0.0,0,916,0.99,0.0,1,923,0.998,1.0,1,924,0.999,1.0
372,443,3,928,0,422,0.455,0.0,0,690,0.744,0.0,0,785,0.846,0.0,1,879,0.947,0.333,2,918,0.989,0.667,3,926,0.998,1.0,3,927,0.999,1.0
373,444,1,929,0,422,0.454,0.0,1,691,0.744,1.0,1,786,0.846,1.0,1,880,0.947,1.0,1,919,0.989,1.0,1,927,0.998,1.0,1,928,0.999,1.0
374,445,2,931,1,423,0.454,0.5,2,693,0.744,1.0,2,788,0.846,1.0,2,882,0.947,1.0,2,921,0.989,1.0,2,929,0.998,1.0,2,930,0.999,1.0
375,446,1,932,0,423,0.454,0.0,0,693,0.744,0.0,1,789,0.847,1.0,1,883,0.947,1.0,1,922,0.989,1.0,1,930,0.998,1.0,1,931,0.999,1.0
376,447,2,934,1,424,0.454,0.5,1,694,0.743,0.5,1,790,0.846,0.5,2,885,0.948,1.0,2,924,0.989,1.0,2,932,0.998,1.0,2,933,0.999,1.0
377,449,1,935,0,424,0.453,0.0,0,694,0.742,0.0,0,790,0.845,0.0,0,885,0.947,0.0,0,924,0.988,0.0,1,933,0.998,1.0,1,934,0.999,1.0
378,450,1,936,0,424,0.453,0.0,0,694,0.741,0.0,0,790,0.844,0.0,1,886,0.947,1.0,1,925,0.988,1.0,1,934,0.998,1.0,1,935,0.999,1.0
379,451,3,939,1,425,0.453,0.333,1,695,0.74,0.333,1,791,0.842,0.333,2,888,0.946,0.667,3,928,0.988,1.0,3,937,0.998,1.0,3,938,0.999,1.0
380,452,1,940,0,425,0.452,0.0,1,696,0.74,1.0,1,792,0.843,1.0,1,889,0.946,1.0,1,929,0.988,1.0,1,938,0.998,1.0,1,939,0.999,1.0
381,453,5,945,1,426,0.451,0.2,3,699,0.74,0.6,4,796,0.842,0.8,4,893,0.945,0.8,5,934,0.988,1.0,5,943,0.998,1.0,5,944,0.999,1.0
382,454,1,946,1,427,0.451,1.0,1,700,0.74,1.0,1,797,0.842,1.0,1,894,0.945,1.0,1,935,0.988,1.0,1,944,0.998,1.0,1,945,0.999,1.0
383,455,1,947,0,427,0.451,0.0,0,700,0.739,0.0,1,798,0.843,1.0,1,895,0.945,1.0,1,936,0.988,1.0,1,945,0.998,1.0,1,946,0.999,1.0
384,456,1,948,0,427,0.45,0.0,0,700,0.738,0.0,1,799,0.843,1.0,1,896,0.945,1.0,1,937,0.988,1.0,1,946,0.998,1.0,1,947,0.999,1.0
385,457,1,949,1,428,0.451,1.0,1,701,0.739,1.0,1,800,0.843,1.0,1,897,0.945,1.0,1,938,0.988,1.0,1,947,0.998,1.0,1,948,0.999,1.0
386,458,3,952,2,430,0.452,0.667,2,703,0.738,0.667,2,802,0.842,0.667,3,900,0.945,1.0,3,941,0.988,1.0,3,950,0.998,1.0,3,951,0.999,1.0
387,459,1,953,0,430,0.451,0.0,1,704,0.739,1.0,1,803,0.843,1.0,1,901,0.945,1.0,1,942,0.988,1.0,1,951,0.998,1.0,1,952,0.999,1.0
388,460,1,954,0,430,0.451,0.0,1,705,0.739,1.0,1,804,0.843,1.0,1,902,0.945,1.0,1,943,0.988,1.0,1,952,0.998,1.0,1,953,0.999,1.0
389,461,1,955,0,430,0.45,0.0,0,705,0.738,0.0,0,804,0.842,0.0,0,902,0.945,0.0,1,944,0.988,1.0,1,953,0.998,1.0,1,954,0.999,1.0
390,462,1,956,0,430,0.45,0.0,1,706,0.738,1.0,1,805,0.842,1.0,1,903,0.945,1.0,1,945,0.988,1.0,1,954,0.998,1.0,1,955,0.999,1.0
391,464,3,959,0,430,0.448,0.0,1,707,0.737,0.333,1,806,0.84,0.333,3,906,0.945,1.0,3,948,0.989,1.0,3,957,0.998,1.0,3,958,0.999,1.0
392,465,3,962,0,430,0.447,0.0,1,708,0.736,0.333,2,808,0.84,0.667,3,909,0.945,1.0,3,951,0.989,1.0,3,960,0.998,1.0,3,961,0.999,1.0
393,466,2,964,0,430,0.446,0.0,0,708,0.734,0.0,1,809,0.839,0.5,2,911,0.945,1.0,2,953,0.989,1.0,2,962,0.998,1.0,2,963,0.999,1.0
394,467,4,968,0,430,0.444,0.0,2,710,0.733,0.5,2,811,0.838,0.5,4,915,0.945,1.0,4,957,0.989,1.0,4,966,0.998,1.0,4,967,0.999,1.0
395,469,4,972,1,431,0.443,0.25,1,711,0.731,0.25,2,813,0.836,0.5,3,918,0.944,0.75,4,961,0.989,1.0,4,970,0.998,1.0,4,971,0.999,1.0
396,470,2,974,1,432,0.444,0.5,2,713,0.732,1.0,2,815,0.837,1.0,2,920,0.945,1.0,2,963,0.989,1.0,2,972,0.998,1.0,2,973,0.999,1.0
397,472,2,976,0,432,0.443,0.0,0,713,0.731,0.0,1,816,0.836,0.5,2,922,0.945,1.0,2,965,0.989,1.0,2,974,0.998,1.0,2,975,0.999,1.0
398,473,3,979,0,432,0.441,0.0,2,715,0.73,0.667,2,818,0.836,0.667,3,925,0.945,1.0,3,968,0.989,1.0,3,977,0.998,1.0,3,978,0.999,1.0
399,476,1,980,0,432,0.441,0.0,0,715,0.73,0.0,1,819,0.836,1.0,1,926,0.945,1.0,1,969,0.989,1.0,1,978,0.998,1.0,1,979,0.999,1.0
400,477,2,982,0,432,0.44,0.0,0,715,0.728,0.0,0,819,0.834,0.0,0,926,0.943,0.0,1,970,0.988,0.5,2,980,0.998,1.0,2,981,0.999,1.0
401,478,1,983,0,432,0.439,0.0,0,715,0.727,0.0,0,819,0.833,0.0,1,927,0.943,1.0,1,971,0.988,1.0,1,981,0.998,1.0,1,982,0.999,1.0
402,479,1,984,0,432,0.439,0.0,0,715,0.727,0.0,0,819,0.832,0.0,1,928,0.943,1.0,1,972,0.988,1.0,1,982,0.998,1.0,1,983,0.999,1.0
403,480,1,985,1,433,0.44,1.0,1,716,0.727,1.0,1,820,0.832,1.0,1,929,0.943,1.0,1,973,0.988,1.0,1,983,0.998,1.0,1,984,0.999,1.0
404,481,2,987,1,434,0.44,0.5,1,717,0.726,0.5,1,821,0.832,0.5,1,930,0.942,0.5,1,974,0.987,0.5,1,984,0.997,0.5,1,985,0.998,0.5
405,482,3,990,1,435,0.439,0.333,2,719,0.726,0.667,2,823,0.831,0.667,2,932,0.941,0.667,3,977,0.987,1.0,3,987,0.997,1.0,3,988,0.998,1.0
406,483,1,991,0,435,0.439,0.0,0,719,0.726,0.0,1,824,0.831,1.0,1,933,0.941,1.0,1,978,0.987,1.0,1,988,0.997,1.0,1,989,0.998,1.0
407,484,7,998,1,436,0.437,0.143,5,724,0.725,0.714,6,830,0.832,0.857,6,939,0.941,0.857,7,985,0.987,1.0,7,995,0.997,1.0,7,996,0.998,1.0
408,485,3,1001,0,436,0.436,0.0,0,724,0.723,0.0,0,830,0.829,0.0,3,942,0.941,1.0,3,988,0.987,1.0,3,998,0.997,1.0,3,999,0.998,1.0
409,487,1,1002,0,436,0.435,0.0,1,725,0.724,1.0,1,831,0.829,1.0,1,943,0.941,1.0,1,989,0.987,1.0,1,999,0.997,1.0,1,1000,0.998,1.0
410,489,5,1007,1,437,0.434,0.2,2,727,0.722,0.4,3,834,0.828,0.6,4,947,0.94,0.8,5,994,0.987,1.0,5,1004,0.997,1.0,5,1005,0.998,1.0
411,490,4,1011,1,438,0.433,0.25,1,728,0.72,0.25,3,837,0.828,0.75,4,951,0.941,1.0,4,998,0.987,1.0,4,1008,0.997,1.0,4,1009,0.998,1.0
412,492,4,1015,0,438,0.432,0.0,1,729,0.718,0.25,3,840,0.828,0.75,3,954,0.94,0.75,3,1001,0.986,0.75,3,1011,0.996,0.75,3,1012,0.997,0.75
413,494,2,1017,1,439,0.432,0.5,2,731,0.719,1.0,2,842,0.828,1.0,2,956,0.94,1.0,2,1003,0.986,1.0,2,1013,0.996,1.0,2,1014,0.997,1.0
414,495,1,1018,0,439,0.431,0.0,1,732,0.719,1.0,1,843,0.828,1.0,1,957,0.94,1.0,1,1004,0.986,1.0,1,1014,0.996,1.0,1,1015,0.997,1.0
415,496,2,1020,1,440,0.431,0.5,1,733,0.719,0.5,1,844,0.827,0.5,2,959,0.94,1.0,2,1006,0.986,1.0,2,1016,0.996,1.0,2,1017,0.997,1.0
416,497,1,1021,0,440,0.431,0.0,1,734,0.719,1.0,1,845,0.828,1.0,1,960,0.94,1.0,1,1007,0.986,1.0,1,1017,0.996,1.0,1,1018,0.997,1.0
417,498,1,1022,0,440,0.431,0.0,1,735,0.719,1.0,1,846,0.828,1.0,1,961,0.94,1.0,1,1008,0.986,1.0,1,1018,0.996,1.0,1,1019,0.997,1.0
418,500,1,1023,1,441,0.431,1.0,1,736,0.719,1.0,1,847,0.828,1.0,1,962,0.94,1.0,1,1009,0.986,1.0,1,1019,0.996,1.0,1,1020,0.997,1.0
419,501,7,1030,2,443,0.43,0.286,5,741,0.719,0.714,6,853,0.828,0.857,7,969,0.941,1.0,7,1016,0.986,1.0,7,1026,0.996,1.0,7,1027,0.997,1.0
420,502,2,1032,0,443,0.429,0.0,1,742,0.719,0.5,1,854,0.828,0.5,1,970,0.94,0.5,2,1018,0.986,1.0,2,1028,0.996,1.0,2,1029,0.997,1.0
421,503,3,1035,1,444,0.429,0.333,2,744,0.719,0.667,2,856,0.827,0.667,2,972,0.939,0.667,3,1021,0.986,1.0,3,1031,0.996,1.0,3,1032,0.997,1.0
422,504,1,1036,0,444,0.429,0.0,0,744,0.718,0.0,0,856,0.826,0.0,1,973,0.939,1.0,1,1022,0.986,1.0,1,1032,0.996,1.0,1,1033,0.997,1.0
423,505,1,1037,0,444,0.428,0.0,0,744,0.717,0.0,1,857,0.826,1.0,1,974,0.939,1.0,1,1023,0.986,1.0,1,1033,0.996,1.0,1,1034,0.997,1.0
424,507,3,1040,0,444,0.427,0.0,1,745,0.716,0.333,1,858,0.825,0.333,1,975,0.938,0.333,2,1025,0.986,0.667,2,1035,0.995,0.667,2,1036,0.996,0.667
425,510,1,1041,0,444,0.427,0.0,1,746,0.717,1.0,1,859,0.825,1.0,1,976,0.938,1.0,1,1026,0.986,1.0,1,1036,0.995,1.0,1,1037,0.996,1.0
426,511,2,1043,0,444,0.426,0.0,0,746,0.715,0.0,0,859,0.824,0.0,1,977,0.937,0.5,1,1027,0.985,0.5,1,1037,0.994,0.5,1,1038,0.995,0.5
427,512,1,1044,0,444,0.425,0.0,0,746,0.715,0.0,0,859,0.823,0.0,0,977,0.936,0.0,1,1028,0.985,1.0,1,1038,0.994,1.0,1,1039,0.995,1.0
428,513,1,1045,0,444,0.425,0.0,0,746,0.714,0.0,0,859,0.822,0.0,0,977,0.935,0.0,0,1028,0.984,0.0,0,1038,0.993,0.0,1,1040,0.995,1.0
429,518,3,1048,1,445,0.425,0.333,1,747,0.713,0.333,1,860,0.821,0.333,2,979,0.934,0.667,3,1031,0.984,1.0,3,1041,0.993,1.0,3,1043,0.995,1.0
430,519,1,1049,0,445,0.424,0.0,0,747,0.712,0.0,0,860,0.82,0.0,1,980,0.934,1.0,1,1032,0.984,1.0,1,1042,0.993,1.0,1,1044,0.995,1.0
431,521,1,1050,0,445,0.424,0.0,1,748,0.712,1.0,1,861,0.82,1.0,1,981,0.934,1.0,1,1033,0.984,1.0,1,1043,0.993,1.0,1,1045,0.995,1.0
432,522,2,1052,0,445,0.423,0.0,0,748,0.711,0.0,1,862,0.819,0.5,1,982,0.933,0.5,2,1035,0.984,1.0,2,1045,0.993,1.0,2,1047,0.995,1.0
433,523,1,1053,0,445,0.423,0.0,0,748,0.71,0.0,0,862,0.819,0.0,1,983,0.934,1.0,1,1036,0.984,1.0,1,1046,0.993,1.0,1,1048,0.995,1.0
434,524,1,1054,1,446,0.423,1.0,1,749,0.711,1.0,1,863,0.819,1.0,1,984,0.934,1.0,1,1037,0.984,1.0,1,1047,0.993,1.0,1,1049,0.995,1.0
435,525,2,1056,0,446,0.422,0.0,0,749,0.709,0.0,1,864,0.818,0.5,1,985,0.933,0.5,1,1038,0.983,0.5,1,1048,0.992,0.5,2,1051,0.995,1.0
436,526,4,1060,1,447,0.422,0.25,2,751,0.708,0.5,2,866,0.817,0.5,4,989,0.933,1.0,4,1042,0.983,1.0,4,1052,0.992,1.0,4,1055,0.995,1.0
437,527,2,1062,0,447,0.421,0.0,1,752,0.708,0.5,1,867,0.816,0.5,1,990,0.932,0.5,1,1043,0.982,0.5,1,1053,0.992,0.5,1,1056,0.994,0.5
438,529,2,1064,0,447,0.42,0.0,1,753,0.708,0.5,1,868,0.816,0.5,1,991,0.931,0.5,2,1045,0.982,1.0,2,1055,0.992,1.0,2,1058,0.994,1.0
439,530,2,1066,0,447,0.419,0.0,1,754,0.707,0.5,1,869,0.815,0.5,2,993,0.932,1.0,2,1047,0.982,1.0,2,1057,0.992,1.0,2,1060,0.994,1.0
440,531,2,1068,0,447,0.419,0.0,0,754,0.706,0.0,1,870,0.815,0.5,1,994,0.931,0.5,2,1049,0.982,1.0,2,1059,0.992,1.0,2,1062,0.994,1.0
441,532,2,1070,0,447,0.418,0.0,1,755,0.706,0.5,1,871,0.814,0.5,1,995,0.93,0.5,2,1051,0.982,1.0,2,1061,0.992,1.0,2,1064,0.994,1.0
442,533,2,1072,1,448,0.418,0.5,1,756,0.705,0.5,1,872,0.813,0.5,1,996,0.929,0.5,1,1052,0.981,0.5,2,1063,0.992,1.0,2,1066,0.994,1.0
443,535,1,1073,0,448,0.418,0.0,0,756,0.705,0.0,0,872,0.813,0.0,0,996,0.928,0.0,0,1052,0.98,0.0,1,1064,0.992,1.0,1,1067,0.994,1.0
444,536,1,1074,0,448,0.417,0.0,0,756,0.704,0.0,1,873,0.813,1.0,1,997,0.928,1.0,1,1053,0.98,1.0,1,1065,0.992,1.0,1,1068,0.994,1.0
445,537,2,1076,1,449,0.417,0.5,1,757,0.704,0.5,1,874,0.812,0.5,1,998,0.928,0.5,2,1055,0.98,1.0,2,1067,0.992,1.0,2,1070,0.994,1.0
446,538,2,1078,0,449,0.417,0.0,1,758,0.703,0.5,1,875,0.812,0.5,2,1000,0.928,1.0,2,1057,0.981,1.0,2,1069,0.992,1.0,2,1072,0.994,1.0
447,539,1,1079,0,449,0.416,0.0,1,759,0.703,1.0,1,876,0.812,1.0,1,1001,0.928,1.0,1,1058,0.981,1.0,1,1070,0.992,1.0,1,1073,0.994,1.0
448,540,1,1080,0,449,0.416,0.0,0,759,0.703,0.0,0,876,0.811,0.0,1,1002,0.928,1.0,1,1059,0.981,1.0,1,1071,0.992,1.0,1,1074,0.994,1.0
449,542,1,1081,0,449,0.415,0.0,1,760,0.703,1.0,1,877,0.811,1.0,1,1003,0.928,1.0,1,1060,0.981,1.0,1,1072,0.992,1.0,1,1075,0.994,1.0
450,543,2,1083,0,449,0.415,0.0,1,761,0.703,0.5,1,878,0.811,0.5,1,1004,0.927,0.5,2,1062,0.981,1.0,2,1074,0.992,1.0,2,1077,0.994,1.0
451,544,2,1085,0,449,0.414,0.0,1,762,0.702,0.5,2,880,0.811,1.0,2,1006,0.927,1.0,2,1064,0.981,1.0,2,1076,0.992,1.0,2,1079,0.994,1.0
452,545,2,1087,1,450,0.414,0.5,1,763,0.702,0.5,1,881,0.81,0.5,1,1007,0.926,0.5,2,1066,0.981,1.0,2,1078,0.992,1.0,2,1081,0.994,1.0
453,546,2,1089,0,450,0.413,0.0,1,764,0.702,0.5,1,882,0.81,0.5,2,1009,0.927,1.0,2,1068,0.981,1.0,2,1080,0.992,1.0,2,1083,0.994,1.0
454,547,4,1093,0,450,0.412,0.0,0,764,0.699,0.0,3,885,0.81,0.75,4,1013,0.927,1.0,4,1072,0.981,1.0,4,1084,0.992,1.0,4,1087,0.995,1.0
455,548,1,1094,0,450,0.411,0.0,1,765,0.699,1.0,1,886,0.81,1.0,1,1014,0.927,1.0,1,1073,0.981,1.0,1,1085,0.992,1.0,1,1088,0.995,1.0
456,549,2,1096,0,450,0.411,0.0,0,765,0.698,0.0,0,886,0.808,0.0,1,1015,0.926,0.5,2,1075,0.981,1.0,2,1087,0.992,1.0,2,1090,0.995,1.0
457,550,1,1097,0,450,0.41,0.0,0,765,0.697,0.0,0,886,0.808,0.0,0,1015,0.925,0.0,1,1076,0.981,1.0,1,1088,0.992,1.0,1,1091,0.995,1.0
458,551,2,1099,0,450,0.409,0.0,0,765,0.696,0.0,2,888,0.808,1.0,2,1017,0.925,1.0,2,1078,0.981,1.0,2,1090,0.992,1.0,2,1093,0.995,1.0
459,553,2,1101,0,450,0.409,0.0,0,765,0.695,0.0,0,888,0.807,0.0,1,1018,0.925,0.5,1,1079,0.98,0.5,1,1091,0.991,0.5,2,1095,0.995,1.0
460,554,1,1102,1,451,0.409,1.0,1,766,0.695,1.0,1,889,0.807,1.0,1,1019,0.925,1.0,1,1080,0.98,1.0,1,1092,0.991,1.0,1,1096,0.995,1.0
461,555,4,1106,1,452,0.409,0.25,1,767,0.693,0.25,1,890,0.805,0.25,2,1021,0.923,0.5,4,1084,0.98,1.0,4,1096,0.991,1.0,4,1100,0.995,1.0
462,556,3,1109,0,452,0.408,0.0,1,768,0.693,0.333,2,892,0.804,0.667,3,1024,0.923,1.0,3,1087,0.98,1.0,3,1099,0.991,1.0,3,1103,0.995,1.0
463,559,2,1111,0,452,0.407,0.0,0,768,0.691,0.0,0,892,0.803,0.0,1,1025,0.923,0.5,2,1089,0.98,1.0,2,1101,0.991,1.0,2,1105,0.995,1.0
464,561,4,1115,2,454,0.407,0.5,2,770,0.691,0.5,3,895,0.803,0.75,3,1028,0.922,0.75,3,1092,0.979,0.75,3,1104,0.99,0.75,3,1108,0.994,0.75
465,562,1,1116,0,454,0.407,0.0,0,770,0.69,0.0,1,896,0.803,1.0,1,1029,0.922,1.0,1,1093,0.979,1.0,1,1105,0.99,1.0,1,1109,0.994,1.0
466,563,2,1118,0,454,0.406,0.0,1,771,0.69,0.5,1,897,0.802,0.5,2,1031,0.922,1.0,2,1095,0.979,1.0,2,1107,0.99,1.0,2,1111,0.994,1.0
467,564,1,1119,0,454,0.406,0.0,0,771,0.689,0.0,0,897,0.802,0.0,1,1032,0.922,1.0,1,1096,0.979,1.0,1,1108,0.99,1.0,1,1112,0.994,1.0
468,565,3,1122,1,455,0.406,0.333,2,773,0.689,0.667,2,899,0.801,0.667,2,1034,0.922,0.667,2,1098,0.979,0.667,3,1111,0.99,1.0,3,1115,0.994,1.0
469,566,2,1124,0,455,0.405,0.0,1,774,0.689,0.5,1,900,0.801,0.5,2,1036,0.922,1.0,2,1100,0.979,1.0,2,1113,0.99,1.0,2,1117,0.994,1.0
470,567,1,1125,0,455,0.404,0.0,0,774,0.688,0.0,0,900,0.8,0.0,0,1036,0.921,0.0,0,1100,0.978,0.0,0,1113,0.989,0.0,1,1118,0.994,1.0
471,568,1,1126,0,455,0.404,0.0,0,774,0.687,0.0,1,901,0.8,1.0,1,1037,0.921,1.0,1,1101,0.978,1.0,1,1114,0.989,1.0,1,1119,0.994,1.0
472,569,2,1128,1,456,0.404,0.5,1,775,0.687,0.5,1,902,0.8,0.5,2,1039,0.921,1.0,2,1103,0.978,1.0,2,1116,0.989,1.0,2,1121,0.994,1.0
473,570,2,1130,0,456,0.404,0.0,1,776,0.687,0.5,1,903,0.799,0.5,2,1041,0.921,1.0,2,1105,0.978,1.0,2,1118,0.989,1.0,2,1123,0.994,1.0
474,571,3,1133,0,456,0.402,0.0,2,778,0.687,0.667,2,905,0.799,0.667,3,1044,0.921,1.0,3,1108,0.978,1.0,3,1121,0.989,1.0,3,1126,0.994,1.0
475,572,1,1134,0,456,0.402,0.0,1,779,0.687,1.0,1,906,0.799,1.0,1,1045,0.922,1.0,1,1109,0.978,1.0,1,1122,0.989,1.0,1,1127,0.994,1.0
476,573,1,1135,0,456,0.402,0.0,0,779,0.686,0.0,1,907,0.799,1.0,1,1046,0.922,1.0,1,1110,0.978,1.0,1,1123,0.989,1.0,1,1128,0.994,1.0
477,574,1,1136,0,456,0.401,0.0,1,780,0.687,1.0,1,908,0.799,1.0,1,1047,0.922,1.0,1,1111,0.978,1.0,1,1124,0.989,1.0,1,1129,0.994,1.0
478,575,5,1141,1,457,0.401,0.2,1,781,0.684,0.2,1,909,0.797,0.2,3,1050,0.92,0.6,5,1116,0.978,1.0,5,1129,0.989,1.0,5,1134,0.994,1.0
479,576,1,1142,0,457,0.4,0.0,0,781,0.684,0.0,0,909,0.796,0.0,0,1050,0.919,0.0,1,1117,0.978,1.0,1,1130,0.989,1.0,1,1135,0.994,1.0
480,577,3,1145,1,458,0.4,0.333,1,782,0.683,0.333,1,910,0.795,0.333,3,1053,0.92,1.0,3,1120,0.978,1.0,3,1133,0.99,1.0,3,1138,0.994,1.0
481,578,2,1147,0,458,0.399,0.0,0,782,0.682,0.0,0,910,0.793,0.0,1,1054,0.919,0.5,2,1122,0.978,1.0,2,1135,0.99,1.0,2,1140,0.994,1.0
482,580,1,1148,0,458,0.399,0.0,0,782,0.681,0.0,0,910,0.793,0.0,1,1055,0.919,1.0,1,1123,0.978,1.0,1,1136,0.99,1.0,1,1141,0.994,1.0
483,581,2,1150,1,459,0.399,0.5,1,783,0.681,0.5,1,911,0.792,0.5,2,1057,0.919,1.0,2,1125,0.978,1.0,2,1138,0.99,1.0,2,1143,0.994,1.0
484,582,3,1153,1,460,0.399,0.333,2,785,0.681,0.667,2,913,0.792,0.667,2,1059,0.918,0.667,3,1128,0.978,1.0,3,1141,0.99,1.0,3,1146,0.994,1.0
485,583,1,1154,0,460,0.399,0.0,1,786,0.681,1.0,1,914,0.792,1.0,1,1060,0.919,1.0,1,1129,0.978,1.0,1,1142,0.99,1.0,1,1147,0.994,1.0
486,584,1,1155,0,460,0.398,0.0,0,786,0.681,0.0,0,914,0.791,0.0,1,1061,0.919,1.0,1,1130,0.978,1.0,1,1143,0.99,1.0,1,1148,0.994,1.0
487,585,3,1158,0,460,0.397,0.0,1,787,0.68,0.333,1,915,0.79,0.333,1,1062,0.917,0.333,2,1132,0.978,0.667,2,1145,0.989,0.667,2,1150,0.993,0.667
488,586,2,1160,0,460,0.397,0.0,1,788,0.679,0.5,1,916,0.79,0.5,2,1064,0.917,1.0,2,1134,0.978,1.0,2,1147,0.989,1.0,2,1152,0.993,1.0
489,587,1,1161,0,460,0.396,0.0,0,788,0.679,0.0,1,917,0.79,1.0,1,1065,0.917,1.0,1,1135,0.978,1.0,1,1148,0.989,1.0,1,1153,0.993,1.0
490,588,2,1163,0,460,0.396,0.0,0,788,0.678,0.0,0,917,0.788,0.0,1,1066,0.917,0.5,1,1136,0.977,0.5,2,1150,0.989,1.0,2,1155,0.993,1.0
491,589,3,1166,1,461,0.395,0.333,2,790,0.678,0.667,2,919,0.788,0.667,2,1068,0.916,0.667,3,1139,0.977,1.0,3,1153,0.989,1.0,3,1158,0.993,1.0
492,590,1,1167,0,461,0.395,0.0,0,790,0.677,0.0,0,919,0.787,0.0,1,1069,0.916,1.0,1,1140,0.977,1.0,1,1154,0.989,1.0,1,1159,0.993,1.0
493,591,1,1168,0,461,0.395,0.0,0,790,0.676,0.0,1,920,0.788,1.0,1,1070,0.916,1.0,1,1141,0.977,1.0,1,1155,0.989,1.0,1,1160,0.993,1.0
494,595,2,1170,0,461,0.394,0.0,0,790,0.675,0.0,1,921,0.787,0.5,2,1072,0.916,1.0,2,1143,0.977,1.0,2,1157,0.989,1.0,2,1162,0.993,1.0
495,597,1,1171,0,461,0.394,0.0,1,791,0.675,1.0,1,922,0.787,1.0,1,1073,0.916,1.0,1,1144,0.977,1.0,1,1158,0.989,1.0,1,1163,0.993,1.0
496,598,1,1172,0,461,0.393,0.0,1,792,0.676,1.0,1,923,0.788,1.0,1,1074,0.916,1.0,1,1145,0.977,1.0,1,1159,0.989,1.0,1,1164,0.993,1.0
497,601,2,1174,0,461,0.393,0.0,0,792,0.675,0.0,0,923,0.786,0.0,2,1076,0.917,1.0,2,1147,0.977,1.0,2,1161,0.989,1.0,2,1166,0.993,1.0
498,602,1,1175,0,461,0.392,0.0,0,792,0.674,0.0,0,923,0.786,0.0,1,1077,0.917,1.0,1,1148,0.977,1.0,1,1162,0.989,1.0,1,1167,0.993,1.0
499,603,2,1177,0,461,0.392,0.0,0,792,0.673,0.0,0,923,0.784,0.0,1,1078,0.916,0.5,1,1149,0.976,0.5,2,1164,0.989,1.0,2,1169,0.993,1.0
500,604,1,1178,0,461,0.391,0.0,0,792,0.672,0.0,1,924,0.784,1.0,1,1079,0.916,1.0,1,1150,0.976,1.0,1,1165,0.989,1.0,1,1170,0.993,1.0
501,605,2,1180,0,461,0.391,0.0,0,792,0.671,0.0,0,924,0.783,0.0,2,1081,0.916,1.0,2,1152,0.976,1.0,2,1167,0.989,1.0,2,1172,0.993,1.0
502,607,3,1183,1,462,0.391,0.333,2,794,0.671,0.667,2,926,0.783,0.667,2,1083,0.915,0.667,3,1155,0.976,1.0,3,1170,0.989,1.0,3,1175,0.993,1.0
503,608,1,1184,0,462,0.39,0.0,0,794,0.671,0.0,0,926,0.782,0.0,1,1084,0.916,1.0,1,1156,0.976,1.0,1,1171,0.989,1.0,1,1176,0.993,1.0
504,610,1,1185,0,462,0.39,0.0,0,794,0.67,0.0,1,927,0.782,1.0,1,1085,0.916,1.0,1,1157,0.976,1.0,1,1172,0.989,1.0,1,1177,0.993,1.0
505,612,1,1186,0,462,0.39,0.0,0,794,0.669,0.0,0,927,0.782,0.0,0,1085,0.915,0.0,0,1157,0.976,0.0,1,1173,0.989,1.0,1,1178,0.993,1.0
506,613,1,1187,0,462,0.389,0.0,0,794,0.669,0.0,0,927,0.781,0.0,0,1085,0.914,0.0,0,1157,0.975,0.0,1,1174,0.989,1.0,1,1179,0.993,1.0
507,614,1,1188,0,462,0.389,0.0,0,794,0.668,0.0,1,928,0.781,1.0,1,1086,0.914,1.0,1,1158,0.975,1.0,1,1175,0.989,1.0,1,1180,0.993,1.0
508,617,2,1190,0,462,0.388,0.0,1,795,0.668,0.5,1,929,0.781,0.5,1,1087,0.913,0.5,1,1159,0.974,0.5,1,1176,0.988,0.5,1,1181,0.992,0.5
509,618,3,1193,0,462,0.387,0.0,1,796,0.667,0.333,2,931,0.78,0.667,2,1089,0.913,0.667,3,1162,0.974,1.0,3,1179,0.988,1.0,3,1184,0.992,1.0
510,619,1,1194,1,463,0.388,1.0,1,797,0.668,1.0,1,932,0.781,1.0,1,1090,0.913,1.0,1,1163,0.974,1.0,1,1180,0.988,1.0,1,1185,0.992,1.0
511,620,2,1196,0,463,0.387,0.0,0,797,0.666,0.0,0,932,0.779,0.0,1,1091,0.912,0.5,2,1165,0.974,1.0,2,1182,0.988,1.0,2,1187,0.992,1.0
512,622,3,1199,0,463,0.386,0.0,1,798,0.666,0.333,2,934,0.779,0.667,3,1094,0.912,1.0,3,1168,0.974,1.0,3,1185,0.988,1.0,3,1190,0.992,1.0
513,625,1,1200,0,463,0.386,0.0,0,798,0.665,0.0,0,934,0.778,0.0,0,1094,0.912,0.0,0,1168,0.973,0.0,1,1186,0.988,1.0,1,1191,0.992,1.0
514,626,2,1202,0,463,0.385,0.0,2,800,0.666,1.0,2,936,0.779,1.0,2,1096,0.912,1.0,2,1170,0.973,1.0,2,1188,0.988,1.0,2,1193,0.993,1.0
515,627,1,1203,0,463,0.385,0.0,1,801,0.666,1.0,1,937,0.779,1.0,1,1097,0.912,1.0,1,1171,0.973,1.0,1,1189,0.988,1.0,1,1194,0.993,1.0
516,629,4,1207,1,464,0.384,0.25,1,802,0.664,0.25,2,939,0.778,0.5,3,1100,0.911,0.75,4,1175,0.973,1.0,4,1193,0.988,1.0,4,1198,0.993,1.0
517,630,1,1208,0,464,0.384,0.0,0,802,0.664,0.0,0,939,0.777,0.0,0,1100,0.911,0.0,1,1176,0.974,1.0,1,1194,0.988,1.0,1,1199,0.993,1.0
518,631,1,1209,0,464,0.384,0.0,0,802,0.663,0.0,0,939,0.777,0.0,1,1101,0.911,1.0,1,1177,0.974,1.0,1,1195,0.988,1.0,1,1200,0.993,1.0
519,632,3,1212,0,464,0.383,0.0,0,802,0.662,0.0,0,939,0.775,0.0,1,1102,0.909,0.333,2,1179,0.973,0.667,2,1197,0.988,0.667,3,1203,0.993,1.0
520,635,2,1214,0,464,0.382,0.0,1,803,0.661,0.5,1,940,0.774,0.5,2,1104,0.909,1.0,2,1181,0.973,1.0,2,1199,0.988,1.0,2,1205,0.993,1.0
521,636,1,1215,0,464,0.382,0.0,0,803,0.661,0.0,0,940,0.774,0.0,0,1104,0.909,0.0,1,1182,0.973,1.0,1,1200,0.988,1.0,1,1206,0.993,1.0
522,637,1,1216,0,464,0.382,0.0,0,803,0.66,0.0,1,941,0.774,1.0,1,1105,0.909,1.0,1,1183,0.973,1.0,1,1201,0.988,1.0,1,1207,0.993,1.0
523,638,1,1217,0,464,0.381,0.0,1,804,0.661,1.0,1,942,0.774,1.0,1,1106,0.909,1.0,1,1184,0.973,1.0,1,1202,0.988,1.0,1,1208,0.993,1.0
524,639,1,1218,0,464,0.381,0.0,1,805,0.661,1.0,1,943,0.774,1.0,1,1107,0.909,1.0,1,1185,0.973,1.0,1,1203,0.988,1.0,1,1209,0.993,1.0
525,640,1,1219,0,464,0.381,0.0,0,805,0.66,0.0,0,943,0.774,0.0,1,1108,0.909,1.0,1,1186,0.973,1.0,1,1204,0.988,1.0,1,1210,0.993,1.0
526,642,4,1223,0,464,0.379,0.0,1,806,0.659,0.25,1,944,0.772,0.25,2,1110,0.908,0.5,3,1189,0.972,0.75,3,1207,0.987,0.75,4,1214,0.993,1.0
527,644,2,1225,0,464,0.379,0.0,2,808,0.66,1.0,2,946,0.772,1.0,2,1112,0.908,1.0,2,1191,0.972,1.0,2,1209,0.987,1.0,2,1216,0.993,1.0
528,645,2,1227,1,465,0.379,0.5,1,809,0.659,0.5,2,948,0.773,1.0,2,1114,0.908,1.0,2,1193,0.972,1.0,2,1211,0.987,1.0,2,1218,0.993,1.0
529,646,2,1229,1,466,0.379,0.5,1,810,0.659,0.5,2,950,0.773,1.0,2,1116,0.908,1.0,2,1195,0.972,1.0,2,1213,0.987,1.0,2,1220,0.993,1.0
530,647,1,1230,0,466,0.379,0.0,0,810,0.659,0.0,0,950,0.772,0.0,0,1116,0.907,0.0,0,1195,0.972,0.0,1,1214,0.987,1.0,1,1221,0.993,1.0
531,648,3,1233,1,467,0.379,0.333,1,811,0.658,0.333,1,951,0.771,0.333,2,1118,0.907,0.667,2,1197,0.971,0.667,2,1216,0.986,0.667,2,1223,0.992,0.667
532,650,1,1234,0,467,0.378,0.0,1,812,0.658,1.0,1,952,0.771,1.0,1,1119,0.907,1.0,1,1198,0.971,1.0,1,1217,0.986,1.0,1,1224,0.992,1.0
533,653,1,1235,0,467,0.378,0.0,0,812,0.657,0.0,0,952,0.771,0.0,0,1119,0.906,0.0,1,1199,0.971,1.0,1,1218,0.986,1.0,1,1225,0.992,1.0
534,654,1,1236,0,467,0.378,0.0,0,812,0.657,0.0,0,952,0.77,0.0,1,1120,0.906,1.0,1,1200,0.971,1.0,1,1219,0.986,1.0,1,1226,0.992,1.0
535,655,2,1238,0,467,0.377,0.0,1,813,0.657,0.5,1,953,0.77,0.5,2,1122,0.906,1.0,2,1202,0.971,1.0,2,1221,0.986,1.0,2,1228,0.992,1.0
536,656,3,1241,0,467,0.376,0.0,0,813,0.655,0.0,2,955,0.77,0.667,2,1124,0.906,0.667,3,1205,0.971,1.0,3,1224,0.986,1.0,3,1231,0.992,1.0
537,657,2,1243,0,467,0.376,0.0,0,813,0.654,0.0,1,956,0.769,0.5,1,1125,0.905,0.5,2,1207,0.971,1.0,2,1226,0.986,1.0,2,1233,0.992,1.0
538,658,2,1245,0,467,0.375,0.0,2,815,0.655,1.0,2,958,0.769,1.0,2,1127,0.905,1.0,2,1209,0.971,1.0,2,1228,0.986,1.0,2,1235,0.992,1.0
539,659,3,1248,0,467,0.374,0.0,0,815,0.653,0.0,0,958,0.768,0.0,1,1128,0.904,0.333,2,1211,0.97,0.667,3,1231,0.986,1.0,3,1238,0.992,1.0
540,660,1,1249,0,467,0.374,0.0,0,815,0.653,0.0,1,959,0.768,1.0,1,1129,0.904,1.0,1,1212,0.97,1.0,1,1232,0.986,1.0,1,1239,0.992,1.0
541,662,1,1250,1,468,0.374,1.0,1,816,0.653,1.0,1,960,0.768,1.0,1,1130,0.904,1.0,1,1213,0.97,1.0,1,1233,0.986,1.0,1,1240,0.992,1.0
542,664,3,1253,0,468,0.374,0.0,1,817,0.652,0.333,2,962,0.768,0.667,2,1132,0.903,0.667,3,1216,0.97,1.0,3,1236,0.986,1.0,3,1243,0.992,1.0
543,665,2,1255,0,468,0.373,0.0,0,817,0.651,0.0,1,963,0.767,0.5,1,1133,0.903,0.5,2,1218,0.971,1.0,2,1238,0.986,1.0,2,1245,0.992,1.0
544,667,2,1257,0,468,0.372,0.0,0,817,0.65,0.0,0,963,0.766,0.0,1,1134,0.902,0.5,2,1220,0.971,1.0,2,1240,0.986,1.0,2,1247,0.992,1.0
545,671,1,1258,0,468,0.372,0.0,0,817,0.649,0.0,0,963,0.766,0.0,1,1135,0.902,1.0,1,1221,0.971,1.0,1,1241,0.986,1.0,1,1248,0.992,1.0
546,672,1,1259,0,468,0.372,0.0,0,817,0.649,0.0,0,963,0.765,0.0,0,1135,0.902,0.0,0,1221,0.97,0.0,0,1241,0.986,0.0,0,1248,0.991,0.0
547,673,3,1262,1,469,0.372,0.333,1,818,0.648,0.333,1,964,0.764,0.333,2,1137,0.901,0.667,3,1224,0.97,1.0,3,1244,0.986,1.0,3,1251,0.991,1.0
548,675,1,1263,0,469,0.371,0.0,0,818,0.648,0.0,0,964,0.763,0.0,0,1137,0.9,0.0,1,1225,0.97,1.0,1,1245,0.986,1.0,1,1252,0.991,1.0
549,678,1,1264,0,469,0.371,0.0,1,819,0.648,1.0,1,965,0.763,1.0,1,1138,0.9,1.0,1,1226,0.97,1.0,1,1246,0.986,1.0,1,1253,0.991,1.0
550,681,1,1265,0,469,0.371,0.0,1,820,0.648,1.0,1,966,0.764,1.0,1,1139,0.9,1.0,1,1227,0.97,1.0,1,1247,0.986,1.0,1,1254,0.991,1.0
551,684,1,1266,0,469,0.37,0.0,0,820,0.648,0.0,1,967,0.764,1.0,1,1140,0.9,1.0,1,1228,0.97,1.0,1,1248,0.986,1.0,1,1255,0.991,1.0
552,685,5,1271,1,470,0.37,0.2,1,821,0.646,0.2,1,968,0.762,0.2,3,1143,0.899,0.6,5,1233,0.97,1.0,5,1253,0.986,1.0,5,1260,0.991,1.0
553,689,2,1273,0,470,0.369,0.0,0,821,0.645,0.0,0,968,0.76,0.0,1,1144,0.899,0.5,2,1235,0.97,1.0,2,1255,0.986,1.0,2,1262,0.991,1.0
554,690,1,1274,0,470,0.369,0.0,0,821,0.644,0.0,0,968,0.76,0.0,1,1145,0.899,1.0,1,1236,0.97,1.0,1,1256,0.986,1.0,1,1263,0.991,1.0
555,691,1,1275,0,470,0.369,0.0,0,821,0.644,0.0,1,969,0.76,1.0,1,1146,0.899,1.0,1,1237,0.97,1.0,1,1257,0.986,1.0,1,1264,0.991,1.0
556,692,1,1276,0,470,0.368,0.0,0,821,0.643,0.0,1,970,0.76,1.0,1,1147,0.899,1.0,1,1238,0.97,1.0,1,1258,0.986,1.0,1,1265,0.991,1.0
557,693,3,1279,0,470,0.367,0.0,0,821,0.642,0.0,0,970,0.758,0.0,1,1148,0.898,0.333,2,1240,0.97,0.667,3,1261,0.986,1.0,3,1268,0.991,1.0
558,694,2,1281,0,470,0.367,0.0,0,821,0.641,0.0,1,971,0.758,0.5,2,1150,0.898,1.0,2,1242,0.97,1.0,2,1263,0.986,1.0,2,1270,0.991,1.0
559,695,1,1282,0,470,0.367,0.0,0,821,0.64,0.0,1,972,0.758,1.0,1,1151,0.898,1.0,1,1243,0.97,1.0,1,1264,0.986,1.0,1,1271,0.991,1.0
560,696,1,1283,0,470,0.366,0.0,1,822,0.641,1.0,1,973,0.758,1.0,1,1152,0.898,1.0,1,1244,0.97,1.0,1,1265,0.986,1.0,1,1272,0.991,1.0
561,697,1,1284,0,470,0.366,0.0,0,822,0.64,0.0,0,973,0.758,0.0,1,1153,0.898,1.0,1,1245,0.97,1.0,1,1266,0.986,1.0,1,1273,0.991,1.0
562,698,1,1285,0,470,0.366,0.0,0,822,0.64,0.0,0,973,0.757,0.0,1,1154,0.898,1.0,1,1246,0.97,1.0,1,1267,0.986,1.0,1,1274,0.991,1.0
563,699,1,1286,0,470,0.365,0.0,0,822,0.639,0.0,0,973,0.757,0.0,0,1154,0.897,0.0,0,1246,0.969,0.0,0,1267,0.985,0.0,0,1274,0.991,0.0
564,701,3,1289,0,470,0.365,0.0,1,823,0.638,0.333,1,974,0.756,0.333,2,1156,0.897,0.667,3,1249,0.969,1.0,3,1270,0.985,1.0,3,1277,0.991,1.0
565,702,1,1290,0,470,0.364,0.0,1,824,0.639,1.0,1,975,0.756,1.0,1,1157,0.897,1.0,1,1250,0.969,1.0,1,1271,0.985,1.0,1,1278,0.991,1.0
566,703,1,1291,0,470,0.364,0.0,0,824,0.638,0.0,1,976,0.756,1.0,1,1158,0.897,1.0,1,1251,0.969,1.0,1,1272,0.985,1.0,1,1279,0.991,1.0
567,704,1,1292,1,471,0.365,1.0,1,825,0.639,1.0,1,977,0.756,1.0,1,1159,0.897,1.0,1,1252,0.969,1.0,1,1273,0.985,1.0,1,1280,0.991,1.0
568,706,1,1293,0,471,0.364,0.0,0,825,0.638,0.0,0,977,0.756,0.0,0,1159,0.896,0.0,1,1253,0.969,1.0,1,1274,0.985,1.0,1,1281,0.991,1.0
569,707,1,1294,0,471,0.364,0.0,0,825,0.638,0.0,0,977,0.755,0.0,0,1159,0.896,0.0,1,1254,0.969,1.0,1,1275,0.985,1.0,1,1282,0.991,1.0
570,709,4,1298,0,471,0.363,0.0,2,827,0.637,0.5,2,979,0.754,0.5,2,1161,0.894,0.5,3,1257,0.968,0.75,4,1279,0.985,1.0,4,1286,0.991,1.0
571,714,1,1299,0,471,0.363,0.0,0,827,0.637,0.0,0,979,0.754,0.0,0,1161,0.894,0.0,0,1257,0.968,0.0,0,1279,0.985,0.0,1,1287,0.991,1.0
572,717,2,1301,0,471,0.362,0.0,1,828,0.636,0.5,1,980,0.753,0.5,2,1163,0.894,1.0,2,1259,0.968,1.0,2,1281,0.985,1.0,2,1289,0.991,1.0
573,718,5,1306,1,472,0.361,0.2,1,829,0.635,0.2,3,983,0.753,0.6,3,1166,0.893,0.6,4,1263,0.967,0.8,4,1285,0.984,0.8,5,1294,0.991,1.0
574,719,1,1307,0,472,0.361,0.0,1,830,0.635,1.0,1,984,0.753,1.0,1,1167,0.893,1.0,1,1264,0.967,1.0,1,1286,0.984,1.0,1,1295,0.991,1.0
575,720,1,1308,0,472,0.361,0.0,0,830,0.635,0.0,0,984,0.752,0.0,1,1168,0.893,1.0,1,1265,0.967,1.0,1,1287,0.984,1.0,1,1296,0.991,1.0
576,722,1,1309,0,472,0.361,0.0,0,830,0.634,0.0,0,984,0.752,0.0,1,1169,0.893,1.0,1,1266,0.967,1.0,1,1288,0.984,1.0,1,1297,0.991,1.0
577,724,1,1310,0,472,0.36,0.0,1,831,0.634,1.0,1,985,0.752,1.0,1,1170,0.893,1.0,1,1267,0.967,1.0,1,1289,0.984,1.0,1,1298,0.991,1.0
578,726,2,1312,0,472,0.36,0.0,0,831,0.633,0.0,1,986,0.752,0.5,2,1172,0.893,1.0,2,1269,0.967,1.0,2,1291,0.984,1.0,2,1300,0.991,1.0
579,728,1,1313,0,472,0.359,0.0,0,831,0.633,0.0,0,986,0.751,0.0,0,1172,0.893,0.0,1,1270,0.967,1.0,1,1292,0.984,1.0,1,1301,0.991,1.0
580,729,1,1314,0,472,0.359,0.0,0,831,0.632,0.0,0,986,0.75,0.0,0,1172,0.892,0.0,0,1270,0.967,0.0,1,1293,0.984,1.0,1,1302,0.991,1.0
581,731,1,1315,0,472,0.359,0.0,0,831,0.632,0.0,0,986,0.75,0.0,1,1173,0.892,1.0,1,1271,0.967,1.0,1,1294,0.984,1.0,1,1303,0.991,1.0
582,734,2,1317,1,473,0.359,0.5,2,833,0.632,1.0,2,988,0.75,1.0,2,1175,0.892,1.0,2,1273,0.967,1.0,2,1296,0.984,1.0,2,1305,0.991,1.0
583,736,1,1318,0,473,0.359,0.0,1,834,0.633,1.0,1,989,0.75,1.0,1,1176,0.892,1.0,1,1274,0.967,1.0,1,1297,0.984,1.0,1,1306,0.991,1.0
584,739,1,1319,0,473,0.359,0.0,0,834,0.632,0.0,0,989,0.75,0.0,0,1176,0.892,0.0,1,1275,0.967,1.0,1,1298,0.984,1.0,1,1307,0.991,1.0
585,741,1,1320,0,473,0.358,0.0,0,834,0.632,0.0,0,989,0.749,0.0,1,1177,0.892,1.0,1,1276,0.967,1.0,1,1299,0.984,1.0,1,1308,0.991,1.0
586,742,1,1321,0,473,0.358,0.0,0,834,0.631,0.0,0,989,0.749,0.0,1,1178,0.892,1.0,1,1277,0.967,1.0,1,1300,0.984,1.0,1,1309,0.991,1.0
587,744,1,1322,0,473,0.358,0.0,0,834,0.631,0.0,0,989,0.748,0.0,1,1179,0.892,1.0,1,1278,0.967,1.0,1,1301,0.984,1.0,1,1310,0.991,1.0
588,746,2,1324,0,473,0.357,0.0,0,834,0.63,0.0,0,989,0.747,0.0,2,1181,0.892,1.0,2,1280,0.967,1.0,2,1303,0.984,1.0,2,1312,0.991,1.0
589,747,1,1325,0,473,0.357,0.0,0,834,0.629,0.0,0,989,0.746,0.0,0,1181,0.891,0.0,0,1280,0.966,0.0,1,1304,0.984,1.0,1,1313,0.991,1.0
590,748,2,1327,0,473,0.356,0.0,0,834,0.628,0.0,1,990,0.746,0.5,1,1182,0.891,0.5,1,1281,0.965,0.5,1,1305,0.983,0.5,2,1315,0.991,1.0
591,750,1,1328,1,474,0.357,1.0,1,835,0.629,1.0,1,991,0.746,1.0,1,1183,0.891,1.0,1,1282,0.965,1.0,1,1306,0.983,1.0,1,1316,0.991,1.0
592,751,1,1329,0,474,0.357,0.0,0,835,0.628,0.0,0,991,0.746,0.0,0,1183,0.89,0.0,1,1283,0.965,1.0,1,1307,0.983,1.0,1,1317,0.991,1.0
593,752,2,1331,0,474,0.356,0.0,0,835,0.627,0.0,0,991,0.745,0.0,2,1185,0.89,1.0,2,1285,0.965,1.0,2,1309,0.983,1.0,2,1319,0.991,1.0
594,753,1,1332,0,474,0.356,0.0,0,835,0.627,0.0,1,992,0.745,1.0,1,1186,0.89,1.0,1,1286,0.965,1.0,1,1310,0.983,1.0,1,1320,0.991,1.0
595,757,2,1334,0,474,0.355,0.0,0,835,0.626,0.0,0,992,0.744,0.0,1,1187,0.89,0.5,2,1288,0.966,1.0,2,1312,0.984,1.0,2,1322,0.991,1.0
596,758,3,1337,1,475,0.355,0.333,1,836,0.625,0.333,1,993,0.743,0.333,1,1188,0.889,0.333,3,1291,0.966,1.0,3,1315,0.984,1.0,3,1325,0.991,1.0
597,761,1,1338,1,476,0.356,1.0,1,837,0.626,1.0,1,994,0.743,1.0,1,1189,0.889,1.0,1,1292,0.966,1.0,1,1316,0.984,1.0,1,1326,0.991,1.0
598,763,4,1342,0,476,0.355,0.0,0,837,0.624,0.0,2,996,0.742,0.5,3,1192,0.888,0.75,3,1295,0.965,0.75,3,1319,0.983,0.75,3,1329,0.99,0.75
599,766,3,1345,0,476,0.354,0.0,1,838,0.623,0.333,1,997,0.741,0.333,2,1194,0.888,0.667,2,1297,0.964,0.667,2,1321,0.982,0.667,2,1331,0.99,0.667
600,769,1,1346,0,476,0.354,0.0,1,839,0.623,1.0,1,998,0.741,1.0,1,1195,0.888,1.0,1,1298,0.964,1.0,1,1322,0.982,1.0,1,1332,0.99,1.0
601,770,1,1347,0,476,0.353,0.0,0,839,0.623,0.0,0,998,0.741,0.0,1,1196,0.888,1.0,1,1299,0.964,1.0,1,1323,0.982,1.0,1,1333,0.99,1.0
602,773,1,1348,0,476,0.353,0.0,0,839,0.622,0.0,1,999,0.741,1.0,1,1197,0.888,1.0,1,1300,0.964,1.0,1,1324,0.982,1.0,1,1334,0.99,1.0
603,775,2,1350,0,476,0.353,0.0,1,840,0.622,0.5,1,1000,0.741,0.5,2,1199,0.888,1.0,2,1302,0.964,1.0,2,1326,0.982,1.0,2,1336,0.99,1.0
604,776,2,1352,0,476,0.352,0.0,0,840,0.621,0.0,0,1000,0.74,0.0,0,1199,0.887,0.0,2,1304,0.964,1.0,2,1328,0.982,1.0,2,1338,0.99,1.0
605,782,1,1353,0,476,0.352,0.0,0,840,0.621,0.0,0,1000,0.739,0.0,1,1200,0.887,1.0,1,1305,0.965,1.0,1,1329,0.982,1.0,1,1339,0.99,1.0
606,784,1,1354,1,477,0.352,1.0,1,841,0.621,1.0,1,1001,0.739,1.0,1,1201,0.887,1.0,1,1306,0.965,1.0,1,1330,0.982,1.0,1,1340,0.99,1.0
607,786,1,1355,0,477,0.352,0.0,0,841,0.621,0.0,1,1002,0.739,1.0,1,1202,0.887,1.0,1,1307,0.965,1.0,1,1331,0.982,1.0,1,1341,0.99,1.0
608,791,2,1357,0,477,0.352,0.0,1,842,0.62,0.5,1,1003,0.739,0.5,2,1204,0.887,1.0,2,1309,0.965,1.0,2,1333,0.982,1.0,2,1343,0.99,1.0
609,793,1,1358,0,477,0.351,0.0,1,843,0.621,1.0,1,1004,0.739,1.0,1,1205,0.887,1.0,1,1310,0.965,1.0,1,1334,0.982,1.0,1,1344,0.99,1.0
610,795,1,1359,0,477,0.351,0.0,0,843,0.62,0.0,0,1004,0.739,0.0,1,1206,0.887,1.0,1,1311,0.965,1.0,1,1335,0.982,1.0,1,1345,0.99,1.0
611,798,1,1360,0,477,0.351,0.0,1,844,0.621,1.0,1,1005,0.739,1.0,1,1207,0.888,1.0,1,1312,0.965,1.0,1,1336,0.982,1.0,1,1346,0.99,1.0
612,799,3,1363,0,477,0.35,0.0,1,845,0.62,0.333,1,1006,0.738,0.333,3,1210,0.888,1.0,3,1315,0.965,1.0,3,1339,0.982,1.0,3,1349,0.99,1.0
613,800,2,1365,0,477,0.349,0.0,1,846,0.62,0.5,1,1007,0.738,0.5,2,1212,0.888,1.0,2,1317,0.965,1.0,2,1341,0.982,1.0,2,1351,0.99,1.0
614,802,1,1366,0,477,0.349,0.0,0,846,0.619,0.0,0,1007,0.737,0.0,1,1213,0.888,1.0,1,1318,0.965,1.0,1,1342,0.982,1.0,1,1352,0.99,1.0
615,806,1,1367,0,477,0.349,0.0,1,847,0.62,1.0,1,1008,0.737,1.0,1,1214,0.888,1.0,1,1319,0.965,1.0,1,1343,0.982,1.0,1,1353,0.99,1.0
616,808,1,1368,1,478,0.349,1.0,1,848,0.62,1.0,1,1009,0.738,1.0,1,1215,0.888,1.0,1,1320,0.965,1.0,1,1344,0.982,1.0,1,1354,0.99,1.0
617,812,1,1369,0,478,0.349,0.0,0,848,0.619,0.0,0,1009,0.737,0.0,1,1216,0.888,1.0,1,1321,0.965,1.0,1,1345,0.982,1.0,1,1355,0.99,1.0
618,814,1,1370,0,478,0.349,0.0,0,848,0.619,0.0,1,1010,0.737,1.0,1,1217,0.888,1.0,1,1322,0.965,1.0,1,1346,0.982,1.0,1,1356,0.99,1.0
619,815,4,1374,0,478,0.348,0.0,1,849,0.618,0.25,2,1012,0.737,0.5,3,1220,0.888,0.75,4,1326,0.965,1.0,4,1350,0.983,1.0,4,1360,0.99,1.0
620,817,2,1376,0,478,0.347,0.0,0,849,0.617,0.0,0,1012,0.735,0.0,1,1221,0.887,0.5,2,1328,0.965,1.0,2,1352,0.983,1.0,2,1362,0.99,1.0
621,818,1,1377,1,479,0.348,1.0,1,850,0.617,1.0,1,1013,0.736,1.0,1,1222,0.887,1.0,1,1329,0.965,1.0,1,1353,0.983,1.0,1,1363,0.99,1.0
622,820,1,1378,0,479,0.348,0.0,0,850,0.617,0.0,0,1013,0.735,0.0,0,1222,0.887,0.0,0,1329,0.964,0.0,0,1353,0.982,0.0,1,1364,0.99,1.0
623,823,2,1380,0,479,0.347,0.0,1,851,0.617,0.5,1,1014,0.735,0.5,2,1224,0.887,1.0,2,1331,0.964,1.0,2,1355,0.982,1.0,2,1366,0.99,1.0
624,825,1,1381,0,479,0.347,0.0,0,851,0.616,0.0,0,1014,0.734,0.0,1,1225,0.887,1.0,1,1332,0.965,1.0,1,1356,0.982,1.0,1,1367,0.99,1.0
625,826,2,1383,0,479,0.346,0.0,1,852,0.616,0.5,1,1015,0.734,0.5,1,1226,0.886,0.5,1,1333,0.964,0.5,1,1357,0.981,0.5,2,1369,0.99,1.0
626,827,1,1384,0,479,0.346,0.0,1,853,0.616,1.0,1,1016,0.734,1.0,1,1227,0.887,1.0,1,1334,0.964,1.0,1,1358,0.981,1.0,1,1370,0.99,1.0
627,828,3,1387,1,480,0.346,0.333,1,854,0.616,0.333,2,1018,0.734,0.667,2,1229,0.886,0.667,3,1337,0.964,1.0,3,1361,0.981,1.0,3,1373,0.99,1.0
628,831,2,1389,0,480,0.346,0.0,0,854,0.615,0.0,0,1018,0.733,0.0,1,1230,0.886,0.5,1,1338,0.963,0.5,2,1363,0.981,1.0,2,1375,0.99,1.0
629,832,1,1390,1,481,0.346,1.0,1,855,0.615,1.0,1,1019,0.733,1.0,1,1231,0.886,1.0,1,1339,0.963,1.0,1,1364,0.981,1.0,1,1376,0.99,1.0
630,834,1,1391,0,481,0.346,0.0,1,856,0.615,1.0,1,1020,0.733,1.0,1,1232,0.886,1.0,1,1340,0.963,1.0,1,1365,0.981,1.0,1,1377,0.99,1.0
631,836,1,1392,0,481,0.346,0.0,0,856,0.615,0.0,0,1020,0.733,0.0,0,1232,0.885,0.0,1,1341,0.963,1.0,1,1366,0.981,1.0,1,1378,0.99,1.0
632,839,1,1393,0,481,0.345,0.0,1,857,0.615,1.0,1,1021,0.733,1.0,1,1233,0.885,1.0,1,1342,0.963,1.0,1,1367,0.981,1.0,1,1379,0.99,1.0
633,840,1,1394,0,481,0.345,0.0,0,857,0.615,0.0,0,1021,0.732,0.0,1,1234,0.885,1.0,1,1343,0.963,1.0,1,1368,0.981,1.0,1,1380,0.99,1.0
634,841,1,1395,1,482,0.346,1.0,1,858,0.615,1.0,1,1022,0.733,1.0,1,1235,0.885,1.0,1,1344,0.963,1.0,1,1369,0.981,1.0,1,1381,0.99,1.0
635,843,1,1396,0,482,0.345,0.0,0,858,0.615,0.0,0,1022,0.732,0.0,1,1236,0.885,1.0,1,1345,0.963,1.0,1,1370,0.981,1.0,1,1382,0.99,1.0
636,846,1,1397,0,482,0.345,0.0,0,858,0.614,0.0,1,1023,0.732,1.0,1,1237,0.885,1.0,1,1346,0.963,1.0,1,1371,0.981,1.0,1,1383,0.99,1.0
637,855,1,1398,0,482,0.345,0.0,0,858,0.614,0.0,0,1023,0.732,0.0,0,1237,0.885,0.0,0,1346,0.963,0.0,0,1371,0.981,0.0,1,1384,0.99,1.0
638,856,2,1400,0,482,0.344,0.0,1,859,0.614,0.5,1,1024,0.731,0.5,1,1238,0.884,0.5,1,1347,0.962,0.5,2,1373,0.981,1.0,2,1386,0.99,1.0
639,859,2,1402,0,482,0.344,0.0,1,860,0.613,0.5,1,1025,0.731,0.5,1,1239,0.884,0.5,1,1348,0.961,0.5,1,1374,0.98,0.5,1,1387,0.989,0.5
640,860,1,1403,0,482,0.344,0.0,0,860,0.613,0.0,0,1025,0.731,0.0,0,1239,0.883,0.0,1,1349,0.962,1.0,1,1375,0.98,1.0,1,1388,0.989,1.0
641,862,1,1404,0,482,0.343,0.0,0,860,0.613,0.0,0,1025,0.73,0.0,1,1240,0.883,1.0,1,1350,0.962,1.0,1,1376,0.98,1.0,1,1389,0.989,1.0
642,863,2,1406,0,482,0.343,0.0,2,862,0.613,1.0,2,1027,0.73,1.0,2,1242,0.883,1.0,2,1352,0.962,1.0,2,1378,0.98,1.0,2,1391,0.989,1.0
643,865,1,1407,0,482,0.343,0.0,1,863,0.613,1.0,1,1028,0.731,1.0,1,1243,0.883,1.0,1,1353,0.962,1.0,1,1379,0.98,1.0,1,1392,0.989,1.0
644,866,2,1409,0,482,0.342,0.0,0,863,0.612,0.0,0,1028,0.73,0.0,2,1245,0.884,1.0,2,1355,0.962,1.0,2,1381,0.98,1.0,2,1394,0.989,1.0
645,868,1,1410,0,482,0.342,0.0,0,863,0.612,0.0,0,1028,0.729,0.0,0,1245,0.883,0.0,1,1356,0.962,1.0,1,1382,0.98,1.0,1,1395,0.989,1.0
646,869,4,1414,1,483,0.342,0.25,3,866,0.612,0.75,4,1032,0.73,1.0,4,1249,0.883,1.0,4,1360,0.962,1.0,4,1386,0.98,1.0,4,1399,0.989,1.0
647,870,2,1416,0,483,0.341,0.0,1,867,0.612,0.5,1,1033,0.73,0.5,1,1250,0.883,0.5,2,1362,0.962,1.0,2,1388,0.98,1.0,2,1401,0.989,1.0
648,871,1,1417,0,483,0.341,0.0,0,867,0.612,0.0,0,1033,0.729,0.0,0,1250,0.882,0.0,0,1362,0.961,0.0,1,1389,0.98,1.0,1,1402,0.989,1.0
649,873,1,1418,0,483,0.341,0.0,0,867,0.611,0.0,0,1033,0.728,0.0,1,1251,0.882,1.0,1,1363,0.961,1.0,1,1390,0.98,1.0,1,1403,0.989,1.0
650,876,1,1419,0,483,0.34,0.0,0,867,0.611,0.0,0,1033,0.728,0.0,0,1251,0.882,0.0,1,1364,0.961,1.0,1,1391,0.98,1.0,1,1404,0.989,1.0
651,879,1,1420,0,483,0.34,0.0,0,867,0.611,0.0,0,1033,0.727,0.0,1,1252,0.882,1.0,1,1365,0.961,1.0,1,1392,0.98,1.0,1,1405,0.989,1.0
652,880,2,1422,0,483,0.34,0.0,0,867,0.61,0.0,0,1033,0.726,0.0,1,1253,0.881,0.5,2,1367,0.961,1.0,2,1394,0.98,1.0,2,1407,0.989,1.0
653,886,1,1423,0,483,0.339,0.0,0,867,0.609,0.0,1,1034,0.727,1.0,1,1254,0.881,1.0,1,1368,0.961,1.0,1,1395,0.98,1.0,1,1408,0.989,1.0
654,891,2,1425,1,484,0.34,0.5,1,868,0.609,0.5,1,1035,0.726,0.5,1,1255,0.881,0.5,2,1370,0.961,1.0,2,1397,0.98,1.0,2,1410,0.989,1.0
655,894,1,1426,0,484,0.339,0.0,0,868,0.609,0.0,0,1035,0.726,0.0,0,1255,0.88,0.0,1,1371,0.961,1.0,1,1398,0.98,1.0,1,1411,0.989,1.0
656,895,2,1428,1,485,0.34,0.5,1,869,0.609,0.5,1,1036,0.725,0.5,2,1257,0.88,1.0,2,1373,0.961,1.0,2,1400,0.98,1.0,2,1413,0.989,1.0
657,896,2,1430,0,485,0.339,0.0,1,870,0.608,0.5,1,1037,0.725,0.5,2,1259,0.88,1.0,2,1375,0.962,1.0,2,1402,0.98,1.0,2,1415,0.99,1.0
658,897,1,1431,0,485,0.339,0.0,0,870,0.608,0.0,0,1037,0.725,0.0,1,1260,0.881,1.0,1,1376,0.962,1.0,1,1403,0.98,1.0,1,1416,0.99,1.0
659,898,3,1434,0,485,0.338,0.0,1,871,0.607,0.333,1,1038,0.724,0.333,2,1262,0.88,0.667,3,1379,0.962,1.0,3,1406,0.98,1.0,3,1419,0.99,1.0
660,902,2,1436,0,485,0.338,0.0,0,871,0.607,0.0,1,1039,0.724,0.5,1,1263,0.88,0.5,2,1381,0.962,1.0,2,1408,0.981,1.0,2,1421,0.99,1.0
661,905,3,1439,0,485,0.337,0.0,0,871,0.605,0.0,1,1040,0.723,0.333,1,1264,0.878,0.333,3,1384,0.962,1.0,3,1411,0.981,1.0,3,1424,0.99,1.0
662,906,1,1440,0,485,0.337,0.0,0,871,0.605,0.0,0,1040,0.722,0.0,1,1265,0.878,1.0,1,1385,0.962,1.0,1,1412,0.981,1.0,1,1425,0.99,1.0
663,907,1,1441,0,485,0.337,0.0,0,871,0.604,0.0,0,1040,0.722,0.0,0,1265,0.878,0.0,0,1385,0.961,0.0,0,1412,0.98,0.0,0,1425,0.989,0.0
664,911,2,1443,0,485,0.336,0.0,0,871,0.604,0.0,0,1040,0.721,0.0,1,1266,0.877,0.5,2,1387,0.961,1.0,2,1414,0.98,1.0,2,1427,0.989,1.0
665,912,1,1444,0,485,0.336,0.0,0,871,0.603,0.0,0,1040,0.72,0.0,1,1267,0.877,1.0,1,1388,0.961,1.0,1,1415,0.98,1.0,1,1428,0.989,1.0
666,915,1,1445,0,485,0.336,0.0,0,871,0.603,0.0,1,1041,0.72,1.0,1,1268,0.878,1.0,1,1389,0.961,1.0,1,1416,0.98,1.0,1,1429,0.989,1.0
667,916,1,1446,0,485,0.335,0.0,1,872,0.603,1.0,1,1042,0.721,1.0,1,1269,0.878,1.0,1,1390,0.961,1.0,1,1417,0.98,1.0,1,1430,0.989,1.0
668,917,2,1448,1,486,0.336,0.5,1,873,0.603,0.5,1,1043,0.72,0.5,1,1270,0.877,0.5,1,1391,0.961,0.5,2,1419,0.98,1.0,2,1432,0.989,1.0
669,921,1,1449,1,487,0.336,1.0,1,874,0.603,1.0,1,1044,0.72,1.0,1,1271,0.877,1.0,1,1392,0.961,1.0,1,1420,0.98,1.0,1,1433,0.989,1.0
670,929,1,1450,0,487,0.336,0.0,0,874,0.603,0.0,0,1044,0.72,0.0,1,1272,0.877,1.0,1,1393,0.961,1.0,1,1421,0.98,1.0,1,1434,0.989,1.0
671,935,1,1451,0,487,0.336,0.0,1,875,0.603,1.0,1,1045,0.72,1.0,1,1273,0.877,1.0,1,1394,0.961,1.0,1,1422,0.98,1.0,1,1435,0.989,1.0
672,938,4,1455,0,487,0.335,0.0,1,876,0.602,0.25,1,1046,0.719,0.25,2,1275,0.876,0.5,3,1397,0.96,0.75,4,1426,0.98,1.0,4,1439,0.989,1.0
673,942,1,1456,0,487,0.334,0.0,0,876,0.602,0.0,0,1046,0.718,0.0,0,1275,0.876,0.0,1,1398,0.96,1.0,1,1427,0.98,1.0,1,1440,0.989,1.0
674,943,1,1457,0,487,0.334,0.0,0,876,0.601,0.0,0,1046,0.718,0.0,0,1275,0.875,0.0,0,1398,0.96,0.0,1,1428,0.98,1.0,1,1441,0.989,1.0
675,944,1,1458,0,487,0.334,0.0,1,877,0.602,1.0,1,1047,0.718,1.0,1,1276,0.875,1.0,1,1399,0.96,1.0,1,1429,0.98,1.0,1,1442,0.989,1.0
676,947,1,1459,0,487,0.334,0.0,0,877,0.601,0.0,0,1047,0.718,0.0,1,1277,0.875,1.0,1,1400,0.96,1.0,1,1430,0.98,1.0,1,1443,0.989,1.0
677,950,3,1462,0,487,0.333,0.0,2,879,0.601,0.667,2,1049,0.718,0.667,3,1280,0.876,1.0,3,1403,0.96,1.0,3,1433,0.98,1.0,3,1446,0.989,1.0
678,953,1,1463,0,487,0.333,0.0,1,880,0.602,1.0,1,1050,0.718,1.0,1,1281,0.876,1.0,1,1404,0.96,1.0,1,1434,0.98,1.0,1,1447,0.989,1.0
679,955,1,1464,0,487,0.333,0.0,0,880,0.601,0.0,0,1050,0.717,0.0,0,1281,0.875,0.0,1,1405,0.96,1.0,1,1435,0.98,1.0,1,1448,0.989,1.0
680,957,1,1465,0,487,0.332,0.0,0,880,0.601,0.0,0,1050,0.717,0.0,0,1281,0.874,0.0,1,1406,0.96,1.0,1,1436,0.98,1.0,1,1449,0.989,1.0
681,958,2,1467,0,487,0.332,0.0,0,880,0.6,0.0,0,1050,0.716,0.0,2,1283,0.875,1.0,2,1408,0.96,1.0,2,1438,0.98,1.0,2,1451,0.989,1.0
682,959,2,1469,1,488,0.332,0.5,1,881,0.6,0.5,1,1051,0.715,0.5,1,1284,0.874,0.5,2,1410,0.96,1.0,2,1440,0.98,1.0,2,1453,0.989,1.0
683,960,2,1471,0,488,0.332,0.0,1,882,0.6,0.5,1,1052,0.715,0.5,2,1286,0.874,1.0,2,1412,0.96,1.0,2,1442,0.98,1.0,2,1455,0.989,1.0
684,961,2,1473,0,488,0.331,0.0,0,882,0.599,0.0,0,1052,0.714,0.0,1,1287,0.874,0.5,1,1413,0.959,0.5,2,1444,0.98,1.0,2,1457,0.989,1.0
685,962,2,1475,0,488,0.331,0.0,0,882,0.598,0.0,1,1053,0.714,0.5,1,1288,0.873,0.5,1,1414,0.959,0.5,1,1445,0.98,0.5,1,1458,0.988,0.5
686,970,1,1476,0,488,0.331,0.0,0,882,0.598,0.0,0,1053,0.713,0.0,1,1289,0.873,1.0,1,1415,0.959,1.0,1,1446,0.98,1.0,1,1459,0.988,1.0
687,977,1,1477,0,488,0.33,0.0,1,883,0.598,1.0,1,1054,0.714,1.0,1,1290,0.873,1.0,1,1416,0.959,1.0,1,1447,0.98,1.0,1,1460,0.988,1.0
688,979,1,1478,0,488,0.33,0.0,0,883,0.597,0.0,0,1054,0.713,0.0,0,1290,0.873,0.0,1,1417,0.959,1.0,1,1448,0.98,1.0,1,1461,0.988,1.0
689,981,2,1480,0,488,0.33,0.0,0,883,0.597,0.0,1,1055,0.713,0.5,1,1291,0.872,0.5,2,1419,0.959,1.0,2,1450,0.98,1.0,2,1463,0.989,1.0
690,983,2,1482,0,488,0.329,0.0,0,883,0.596,0.0,2,1057,0.713,1.0,2,1293,0.872,1.0,2,1421,0.959,1.0,2,1452,0.98,1.0,2,1465,0.989,1.0
691,985,1,1483,0,488,0.329,0.0,0,883,0.595,0.0,1,1058,0.713,1.0,1,1294,0.873,1.0,1,1422,0.959,1.0,1,1453,0.98,1.0,1,1466,0.989,1.0
692,990,1,1484,0,488,0.329,0.0,0,883,0.595,0.0,0,1058,0.713,0.0,1,1295,0.873,1.0,1,1423,0.959,1.0,1,1454,0.98,1.0,1,1467,0.989,1.0
693,991,1,1485,0,488,0.329,0.0,0,883,0.595,0.0,0,1058,0.712,0.0,1,1296,0.873,1.0,1,1424,0.959,1.0,1,1455,0.98,1.0,1,1468,0.989,1.0
694,995,1,1486,0,488,0.328,0.0,1,884,0.595,1.0,1,1059,0.713,1.0,1,1297,0.873,1.0,1,1425,0.959,1.0,1,1456,0.98,1.0,1,1469,0.989,1.0
695,997,1,1487,0,488,0.328,0.0,0,884,0.594,0.0,0,1059,0.712,0.0,0,1297,0.872,0.0,0,1425,0.958,0.0,1,1457,0.98,1.0,1,1470,0.989,1.0
